{
    "deployment_mode":  "STAGED",
    "authority":  "PRAE",
    "result":  "SUCCESS",
    "mutation_policy":  "RESTRICTED",
    "event":  "PRAE_GOVERNANCE_INITIALIZED",
    "checksum_enforcement":  "ACTIVE",
    "timestamp_utc":  "2026-05-24T00:57:26.2374390Z",
    "governance_mode":  "LOCKED",
    "deployment_authority":  "PRAE_ONLY",
    "ui_lock":  "ENABLED"
}
{
    "timestamp_utc":  "2026-05-24T01:03:03.4032718Z",
    "result":  "SUCCESS",
    "checked_files":  [
                          {
                              "file":  "D:\\BossMind\\bossmind-shared\\prae\\runtime-ledger\\prae-runtime-ledger.json",
                              "exists":  true
                          },
                          {
                              "file":  "D:\\BossMind\\bossmind-shared\\prae\\checksums\\prae-checksum-registry.json",
                              "exists":  true
                          },
                          {
                              "file":  "D:\\BossMind\\bossmind-shared\\prae\\deployment-validation\\prae-deployment-authority.json",
                              "exists":  true
                          },
                          {
                              "file":  "D:\\BossMind\\bossmind-shared\\prae\\drift-detection\\prae-drift-authority.json",
                              "exists":  true
                          },
                          {
                              "file":  "D:\\BossMind\\bossmind-shared\\prae\\repair-simulation\\prae-repair-authority.json",
                              "exists":  true
                          },
                          {
                              "file":  "D:\\BossMind\\bossmind-shared\\prae\\authority\\prae-runtime-validation.json",
                              "exists":  true
                          }
                      ],
    "event":  "PRAE_VALIDATION_RUN"
}
{
    "ui_mutation":  "NONE",
    "result":  "FAILED_OR_PARTIAL",
    "production_mutation":  "NONE",
    "authority":  "PRAE",
    "restore_seal":  "DISABLED",
    "targets":  [
                    {
                        "name":  "resumora-production-health",
                        "url":  "https://www.resumora.net/api/health",
                        "status_code":  200,
                        "success":  true
                    },
                    {
                        "name":  "resumora-orchestration-health",
                        "url":  "https://www.resumora.net/api/orchestration/bossmind-health",
                        "status_code":  null,
                        "success":  false,
                        "error":  "The remote server returned an error: (401) Unauthorized."
                    }
                ],
    "timestamp_utc":  "2026-05-24T01:06:30.3540160Z",
    "event":  "PRAE_RUNTIME_HEALTH_VALIDATION"
}
{
    "event":  "PRAE_SECURE_AUTH_SECRET_DISCOVERY",
    "timestamp_utc":  "2026-05-24T01:09:08.4336026Z",
    "result":  "SECRET_REFERENCE_NOT_FOUND",
    "secret_value_exposed":  false,
    "checked_files":  [
                          {
                              "file":  "D:\\BossMind\\bossmind-resumora\\.env.local",
                              "exists":  true,
                              "has_orchestration_secret":  false
                          },
                          {
                              "file":  "D:\\BossMind\\bossmind-resumora\\.env",
                              "exists":  true,
                              "has_orchestration_secret":  false
                          },
                          {
                              "file":  "D:\\BossMind\\.env.master.local",
                              "exists":  false,
                              "has_orchestration_secret":  false
                          }
                      ],
    "production_mutation":  "NONE"
}
{
    "event":  "PRAE_RENDER_ENV_REFERENCE_CHECK",
    "render_mutation":  "NONE",
    "secret_values_exposed":  false,
    "timestamp_utc":  "2026-05-24T01:11:10.1782846Z",
    "result":  "LOCAL_REFERENCE_SCAN_COMPLETE",
    "checked_files":  [
                          {
                              "file":  "D:\\BossMind\\bossmind-resumora\\.env.local",
                              "exists":  true,
                              "keys":  {
                                           "RENDER_API_KEY":  false,
                                           "BOSSMIND_ORCHESTRATION_SECRET":  false,
                                           "STRIPE_WEBHOOK_SECRET":  false,
                                           "RENDER_SERVICE_ID":  false
                                       }
                          },
                          {
                              "file":  "D:\\BossMind\\bossmind-resumora\\.env",
                              "exists":  true,
                              "keys":  {
                                           "RENDER_API_KEY":  false,
                                           "BOSSMIND_ORCHESTRATION_SECRET":  false,
                                           "STRIPE_WEBHOOK_SECRET":  false,
                                           "RENDER_SERVICE_ID":  false
                                       }
                          },
                          {
                              "file":  "D:\\BossMind\\.env.master.local",
                              "exists":  false,
                              "keys":  {
                                           "RENDER_API_KEY":  false,
                                           "BOSSMIND_ORCHESTRATION_SECRET":  false,
                                           "STRIPE_WEBHOOK_SECRET":  false,
                                           "RENDER_SERVICE_ID":  false
                                       }
                          }
                      ],
    "production_mutation":  "NONE"
}
{
    "event":  "PRAE_GOVERNANCE_LOADER_VALIDATION",
    "governance_checks":  [
                              {
                                  "key":  "PRAE_DEPLOYMENT_MODE",
                                  "expected":  "STAGED",
                                  "actual":  "STAGED",
                                  "passed":  true
                              },
                              {
                                  "key":  "PRAE_AUTO_REPAIR",
                                  "expected":  "DISABLED",
                                  "actual":  "DISABLED",
                                  "passed":  true
                              },
                              {
                                  "key":  "PRAE_UI_LOCK",
                                  "expected":  "ENABLED",
                                  "actual":  "ENABLED",
                                  "passed":  true
                              },
                              {
                                  "key":  "PRAE_GOVERNANCE_MODE",
                                  "expected":  "LOCKED",
                                  "actual":  "LOCKED",
                                  "passed":  true
                              },
                              {
                                  "key":  "PRAE_RESTORE_SEAL",
                                  "expected":  "DISABLED",
                                  "actual":  "DISABLED",
                                  "passed":  true
                              },
                              {
                                  "key":  "PRAE_PRODUCTION_MUTATION",
                                  "expected":  "BLOCKED",
                                  "actual":  "BLOCKED",
                                  "passed":  true
                              },
                              {
                                  "key":  "PRAE_AUTHORITY",
                                  "expected":  "PRAE_ONLY",
                                  "actual":  "PRAE_ONLY",
                                  "passed":  true
                              },
                              {
                                  "key":  "PRAE_AUTONOMOUS_MUTATION",
                                  "expected":  "RESTRICTED",
                                  "actual":  "RESTRICTED",
                                  "passed":  true
                              }
                          ],
    "secret_values_exposed":  false,
    "timestamp_utc":  "2026-05-24T01:15:15.5634509Z",
    "result":  "SUCCESS",
    "master_env_exists":  true,
    "production_mutation":  "NONE"
}
{
    "event":  "PRAE_GOVERNANCE_LOADER_VALIDATION",
    "governance_checks":  [
                              {
                                  "key":  "PRAE_DEPLOYMENT_MODE",
                                  "expected":  "STAGED",
                                  "actual":  "STAGED",
                                  "passed":  true
                              },
                              {
                                  "key":  "PRAE_AUTO_REPAIR",
                                  "expected":  "DISABLED",
                                  "actual":  "DISABLED",
                                  "passed":  true
                              },
                              {
                                  "key":  "PRAE_UI_LOCK",
                                  "expected":  "ENABLED",
                                  "actual":  "ENABLED",
                                  "passed":  true
                              },
                              {
                                  "key":  "PRAE_GOVERNANCE_MODE",
                                  "expected":  "LOCKED",
                                  "actual":  "LOCKED",
                                  "passed":  true
                              },
                              {
                                  "key":  "PRAE_RESTORE_SEAL",
                                  "expected":  "DISABLED",
                                  "actual":  "DISABLED",
                                  "passed":  true
                              },
                              {
                                  "key":  "PRAE_PRODUCTION_MUTATION",
                                  "expected":  "BLOCKED",
                                  "actual":  "BLOCKED",
                                  "passed":  true
                              },
                              {
                                  "key":  "PRAE_AUTHORITY",
                                  "expected":  "PRAE_ONLY",
                                  "actual":  "PRAE_ONLY",
                                  "passed":  true
                              },
                              {
                                  "key":  "PRAE_AUTONOMOUS_MUTATION",
                                  "expected":  "RESTRICTED",
                                  "actual":  "RESTRICTED",
                                  "passed":  true
                              }
                          ],
    "secret_values_exposed":  false,
    "timestamp_utc":  "2026-05-24T01:24:13.8085195Z",
    "result":  "SUCCESS",
    "master_env_exists":  true,
    "production_mutation":  "NONE"
}
{"timestamp_utc":"2026-05-24T01:24:14.036Z","event":"PRAE_BRIDGE_CYCLE_START","bridge":true,"checksum":"6ba4c17db7eca44276da432ab86775a2c6551dd6577fed6f978a7e1faed6c889","result":"RUNNING"}
{"timestamp_utc":"2026-05-24T01:24:15.920Z","event":"PRAE_DRIFT_PROPAGATED","bridge":true,"checksum":"eba680010aff60ba6bed3b78ec567a88748ea8cabbedf2b3ebe5f252fb64a0b9","result":"ALERT_ONLY"}
{"timestamp_utc":"2026-05-24T01:24:15.942Z","event":"PRAE_DEPLOYMENT_PROOF_STORED","bridge":true,"checksum":"43119cdaaa6c8e6417a7c26129cce07d9bb0dd45694f2cc508001c3ef677502c","result":"SUCCESS"}
{"timestamp_utc":"2026-05-24T01:24:15.977Z","event":"PRAE_BRIDGE_CYCLE_COMPLETE","bridge":true,"checksum":"cb346393f2df1c9c732a8cf9458ffc7e1fdd8d76788d2205415913d8a3372010","result":"ACTIVE"}
{"timestamp_utc":"2026-05-24T01:24:16.308Z","event":"PRAE_BRIDGE_CYCLE_START","bridge":true,"checksum":"43aa16fd0bb5b30819f8ab20578d54c20b07e6c2fd418d660ca82b023c8789cc","result":"RUNNING"}
{"timestamp_utc":"2026-05-24T01:24:16.840Z","event":"PRAE_DRIFT_PROPAGATED","bridge":true,"checksum":"2343dbe3f6b365340b1e44415e0bffebe1206e9d69a08ae0babca895e8e697c8","result":"ALERT_ONLY"}
{"timestamp_utc":"2026-05-24T01:24:16.863Z","event":"PRAE_DEPLOYMENT_PROOF_STORED","bridge":true,"checksum":"2e72297b614d066e538b9b3e37f499574edeb006eb535bfe27b4e3a738ac6c2e","result":"SUCCESS"}
{"timestamp_utc":"2026-05-24T01:24:16.904Z","event":"PRAE_BRIDGE_CYCLE_COMPLETE","bridge":true,"checksum":"fa39c730d4251dacff15c80e4ee2b6c8a141126d9c01e7c16dd47d06e094babf","result":"ACTIVE"}
{
    "event":  "PRAE_GOVERNANCE_LOADER_VALIDATION",
    "governance_checks":  [
                              {
                                  "key":  "PRAE_DEPLOYMENT_MODE",
                                  "expected":  "STAGED",
                                  "actual":  "STAGED",
                                  "passed":  true
                              },
                              {
                                  "key":  "PRAE_AUTO_REPAIR",
                                  "expected":  "DISABLED",
                                  "actual":  "DISABLED",
                                  "passed":  true
                              },
                              {
                                  "key":  "PRAE_UI_LOCK",
                                  "expected":  "ENABLED",
                                  "actual":  "ENABLED",
                                  "passed":  true
                              },
                              {
                                  "key":  "PRAE_GOVERNANCE_MODE",
                                  "expected":  "LOCKED",
                                  "actual":  "LOCKED",
                                  "passed":  true
                              },
                              {
                                  "key":  "PRAE_RESTORE_SEAL",
                                  "expected":  "DISABLED",
                                  "actual":  "DISABLED",
                                  "passed":  true
                              },
                              {
                                  "key":  "PRAE_PRODUCTION_MUTATION",
                                  "expected":  "BLOCKED",
                                  "actual":  "BLOCKED",
                                  "passed":  true
                              },
                              {
                                  "key":  "PRAE_AUTHORITY",
                                  "expected":  "PRAE_ONLY",
                                  "actual":  "PRAE_ONLY",
                                  "passed":  true
                              },
                              {
                                  "key":  "PRAE_AUTONOMOUS_MUTATION",
                                  "expected":  "RESTRICTED",
                                  "actual":  "RESTRICTED",
                                  "passed":  true
                              }
                          ],
    "secret_values_exposed":  false,
    "timestamp_utc":  "2026-05-24T01:24:55.5830218Z",
    "result":  "SUCCESS",
    "master_env_exists":  true,
    "production_mutation":  "NONE"
}
{
    "timestamp_utc":  "2026-05-24T01:24:55.7117302Z",
    "result":  "SUCCESS",
    "checked_files":  [
                          {
                              "file":  "D:\\BossMind\\bossmind-shared\\prae\\runtime-ledger\\prae-runtime-ledger.json",
                              "exists":  true
                          },
                          {
                              "file":  "D:\\BossMind\\bossmind-shared\\prae\\checksums\\prae-checksum-registry.json",
                              "exists":  true
                          },
                          {
                              "file":  "D:\\BossMind\\bossmind-shared\\prae\\deployment-validation\\prae-deployment-authority.json",
                              "exists":  true
                          },
                          {
                              "file":  "D:\\BossMind\\bossmind-shared\\prae\\drift-detection\\prae-drift-authority.json",
                              "exists":  true
                          },
                          {
                              "file":  "D:\\BossMind\\bossmind-shared\\prae\\repair-simulation\\prae-repair-authority.json",
                              "exists":  true
                          },
                          {
                              "file":  "D:\\BossMind\\bossmind-shared\\prae\\authority\\prae-runtime-validation.json",
                              "exists":  true
                          }
                      ],
    "event":  "PRAE_VALIDATION_RUN"
}
{
    "deployment_mode":  "STAGED",
    "auto_repair":  "DISABLED",
    "authority":  "PRAE_ONLY",
    "production_mutation":  "BLOCKED",
    "governance_mode":  "LOCKED",
    "result":  "RUNNING",
    "timestamp_utc":  "2026-05-24T01:28:41.6573678Z",
    "event":  "PRAE_PERSISTENT_RUNNER_EXECUTION"
}
{
    "event":  "PRAE_LIVE_CHECKSUM_VALIDATION",
    "auto_repair":  "DISABLED",
    "timestamp_utc":  "2026-05-24T01:33:18.0969038Z",
    "checksums":  [
                      {
                          "file":  "D:\\BossMind\\bossmind-resumora\\.env.local",
                          "exists":  true,
                          "algorithm":  "SHA256",
                          "checksum":  null
                      },
                      {
                          "file":  "D:\\BossMind\\bossmind-resumora\\.env",
                          "exists":  true,
                          "algorithm":  "SHA256",
                          "checksum":  null
                      },
                      {
                          "file":  "D:\\BossMind\\.env.master.local",
                          "exists":  true,
                          "algorithm":  "SHA256",
                          "checksum":  null
                      },
                      {
                          "file":  "D:\\BossMind\\bossmind-shared\\prae\\runtime-ledger\\prae-runtime-ledger.json",
                          "exists":  true,
                          "algorithm":  "SHA256",
                          "checksum":  null
                      },
                      {
                          "file":  "D:\\BossMind\\bossmind-shared\\prae\\checksums\\prae-checksum-registry.json",
                          "exists":  true,
                          "algorithm":  "SHA256",
                          "checksum":  null
                      }
                  ],
    "authority":  "PRAE",
    "governance_mode":  "LOCKED",
    "production_mutation":  "NONE"
}
{
    "event":  "PRAE_LIVE_CHECKSUM_VALIDATION",
    "auto_repair":  "DISABLED",
    "timestamp_utc":  "2026-05-24T01:34:35.2573043Z",
    "checksums":  [

                  ],
    "authority":  "PRAE",
    "governance_mode":  "LOCKED",
    "production_mutation":  "NONE"
}
{
    "event":  "PRAE_LIVE_CHECKSUM_VALIDATION",
    "auto_repair":  "DISABLED",
    "timestamp_utc":  "2026-05-24T01:36:19.9193788Z",
    "checksums":  [

                  ],
    "authority":  "PRAE",
    "governance_mode":  "LOCKED",
    "production_mutation":  "NONE"
}
{
    "event":  "PRAE_LIVE_CHECKSUM_VALIDATION",
    "auto_repair":  "DISABLED",
    "timestamp_utc":  "2026-05-24T01:38:03.5011741Z",
    "checksums":  [
                      {
                          "file":  "D:\\BossMind\\bossmind-resumora\\.env.local",
                          "exists":  true,
                          "algorithm":  "SHA256",
                          "checksum":  null
                      },
                      {
                          "file":  "D:\\BossMind\\bossmind-resumora\\.env",
                          "exists":  true,
                          "algorithm":  "SHA256",
                          "checksum":  null
                      },
                      {
                          "file":  "D:\\BossMind\\.env.master.local",
                          "exists":  true,
                          "algorithm":  "SHA256",
                          "checksum":  null
                      },
                      {
                          "file":  "D:\\BossMind\\bossmind-shared\\prae\\runtime-ledger\\prae-runtime-ledger.json",
                          "exists":  true,
                          "algorithm":  "SHA256",
                          "checksum":  null
                      },
                      {
                          "file":  "D:\\BossMind\\bossmind-shared\\prae\\checksums\\prae-checksum-registry.json",
                          "exists":  true,
                          "algorithm":  "SHA256",
                          "checksum":  null
                      }
                  ],
    "authority":  "PRAE",
    "governance_mode":  "LOCKED",
    "production_mutation":  "NONE"
}
{
    "auto_repair":  "DISABLED",
    "authority":  "PRAE",
    "production_mutation":  "NONE",
    "governance_mode":  "LOCKED",
    "result":  "SUCCESS",
    "timestamp_utc":  "2026-05-24T01:44:51.9649442Z",
    "integrity_results":  [
                              {
                                  "file":  "D:\\BossMind\\bossmind-shared\\prae\\runtime-ledger\\prae-runtime-ledger.json",
                                  "exists":  true,
                                  "integrity":  "VALID"
                              },
                              {
                                  "file":  "D:\\BossMind\\bossmind-shared\\prae\\checksums\\prae-checksum-registry.json",
                                  "exists":  true,
                                  "integrity":  "VALID"
                              },
                              {
                                  "file":  "D:\\BossMind\\bossmind-shared\\prae\\deployment-validation\\prae-deployment-authority.json",
                                  "exists":  true,
                                  "integrity":  "VALID"
                              },
                              {
                                  "file":  "D:\\BossMind\\bossmind-shared\\prae\\drift-detection\\prae-drift-authority.json",
                                  "exists":  true,
                                  "integrity":  "VALID"
                              },
                              {
                                  "file":  "D:\\BossMind\\bossmind-shared\\prae\\repair-simulation\\prae-repair-authority.json",
                                  "exists":  true,
                                  "integrity":  "VALID"
                              },
                              {
                                  "file":  "D:\\BossMind\\bossmind-shared\\prae\\authority\\prae-runtime-validation.json",
                                  "exists":  true,
                                  "integrity":  "VALID"
                              }
                          ],
    "event":  "PRAE_INTEGRITY_MONITOR"
}
{"secret_values_exposed":false,"deployment_mode":"STAGED","checksums":[{"file":"D:\\BossMind\\bossmind-resumora\\lib\\client\\webhook-activation.js","exists":true,"algorithm":"SHA256","checksum":"1d30c7d622ea31e1b5ee56d4f93d6aeaa23c8fea7d9186a7e73886c00e4f4f90"},{"file":"D:\\BossMind\\bossmind-resumora\\pages\\api\\webhooks\\stripe.js","exists":true,"algorithm":"SHA256","checksum":"0c23cf976f910558747d0e469f8e581c5ea758ba724ff65ff95fec6e907125df"},{"file":"D:\\BossMind\\bossmind-resumora\\pages\\api\\stripe\\webhook-health.js","exists":true,"algorithm":"SHA256","checksum":"687f7e47de1174e1d32ddc565256a4d105e0979aee723debafad05756d164ee5"},{"file":"D:\\BossMind\\bossmind-shared\\prae\\runtime-ledger\\prae-runtime-ledger.json","exists":true,"algorithm":"SHA256","checksum":"e91d6e35ab5d25ac2d2c94726c870f44a760f40597c7c94f18842a457935ef81"},{"file":"D:\\BossMind\\bossmind-shared\\prae\\checksums\\prae-checksum-registry.json","exists":true,"algorithm":"SHA256","checksum":"d909e8171a17409210e106739705e539cc6ce8420329f4d653b2d710bc606b71"},{"file":"D:\\BossMind\\13-shared-memory\\locked-interfaces.json","exists":true,"algorithm":"SHA256","checksum":"f0de4929aa720dbcc559447ffe31fd663c269c6bf16f41fcc50b2134884fac50"},{"file":"D:\\BossMind\\bossmind-shared\\prae\\checksums\\prae-checksum-report-MISSING-TEST.json","exists":false,"algorithm":"SHA256","checksum":"FILE_NOT_FOUND"}],"auto_repair":"DISABLED","authority":"PRAE_ONLY","hash_method":"System.Security.Cryptography.SHA256","event":"PRAE_LIVE_CHECKSUM_VALIDATION","checksum_count":7,"timestamp_utc":"2026-05-24T01:45:32.8912189Z","governance_mode":"LOCKED","production_mutation":"NONE","result":"SUCCESS"}
{
    "auto_repair":  "DISABLED",
    "authority":  "PRAE",
    "production_mutation":  "NONE",
    "governance_mode":  "LOCKED",
    "result":  "SUCCESS",
    "timestamp_utc":  "2026-05-24T01:47:27.2053679Z",
    "integrity_results":  [
                              {
                                  "file":  "D:\\BossMind\\bossmind-shared\\prae\\runtime-ledger\\prae-runtime-ledger.json",
                                  "exists":  true,
                                  "integrity":  "VALID"
                              },
                              {
                                  "file":  "D:\\BossMind\\bossmind-shared\\prae\\checksums\\prae-checksum-registry.json",
                                  "exists":  true,
                                  "integrity":  "VALID"
                              },
                              {
                                  "file":  "D:\\BossMind\\bossmind-shared\\prae\\deployment-validation\\prae-deployment-authority.json",
                                  "exists":  true,
                                  "integrity":  "VALID"
                              },
                              {
                                  "file":  "D:\\BossMind\\bossmind-shared\\prae\\drift-detection\\prae-drift-authority.json",
                                  "exists":  true,
                                  "integrity":  "VALID"
                              },
                              {
                                  "file":  "D:\\BossMind\\bossmind-shared\\prae\\repair-simulation\\prae-repair-authority.json",
                                  "exists":  true,
                                  "integrity":  "VALID"
                              },
                              {
                                  "file":  "D:\\BossMind\\bossmind-shared\\prae\\authority\\prae-runtime-validation.json",
                                  "exists":  true,
                                  "integrity":  "VALID"
                              }
                          ],
    "event":  "PRAE_INTEGRITY_MONITOR"
}
{
    "event":  "PRAE_CROSS_PROJECT_GOVERNANCE_PROPAGATION",
    "auto_repair":  "DISABLED",
    "timestamp_utc":  "2026-05-24T01:48:18.4048255Z",
    "authority":  "PRAE",
    "governance_mode":  "LOCKED",
    "results":  [
                    {
                        "project":  "D:\\BossMind\\bossmind-resumora",
                        "exists":  true,
                        "governance_file":  "D:\\BossMind\\bossmind-resumora\\.prae-governance.local",
                        "propagation":  "APPLIED"
                    },
                    {
                        "project":  "D:\\BossMind\\elegancyart",
                        "exists":  false,
                        "governance_file":  "D:\\BossMind\\elegancyart\\.prae-governance.local",
                        "propagation":  "SKIPPED_PROJECT_NOT_FOUND"
                    },
                    {
                        "project":  "D:\\BossMind\\ai-video-generator",
                        "exists":  false,
                        "governance_file":  "D:\\BossMind\\ai-video-generator\\.prae-governance.local",
                        "propagation":  "SKIPPED_PROJECT_NOT_FOUND"
                    },
                    {
                        "project":  "D:\\BossMind\\tiktok-ai",
                        "exists":  false,
                        "governance_file":  "D:\\BossMind\\tiktok-ai\\.prae-governance.local",
                        "propagation":  "SKIPPED_PROJECT_NOT_FOUND"
                    },
                    {
                        "project":  "D:\\BossMind\\global-stock",
                        "exists":  false,
                        "governance_file":  "D:\\BossMind\\global-stock\\.prae-governance.local",
                        "propagation":  "SKIPPED_PROJECT_NOT_FOUND"
                    },
                    {
                        "project":  "D:\\BossMind\\bossmind-shared",
                        "exists":  true,
                        "governance_file":  "D:\\BossMind\\bossmind-shared\\.prae-governance.local",
                        "propagation":  "APPLIED"
                    },
                    {
                        "project":  "D:\\BossMind\\master-admin",
                        "exists":  false,
                        "governance_file":  "D:\\BossMind\\master-admin\\.prae-governance.local",
                        "propagation":  "SKIPPED_PROJECT_NOT_FOUND"
                    }
                ],
    "production_mutation":  "NONE"
}
{
    "routes":  [
                   {
                       "name":  "resumora-production-health",
                       "url":  "https://www.resumora.net/api/health",
                       "expected_status":  200,
                       "actual_status":  200,
                       "passed":  true
                   },
                   {
                       "name":  "resumora-orchestration-protected",
                       "url":  "https://www.resumora.net/api/orchestration/bossmind-health",
                       "expected_status":  401,
                       "actual_status":  401,
                       "passed":  true
                   }
               ],
    "auto_repair":  "DISABLED",
    "authority":  "PRAE",
    "production_mutation":  "NONE",
    "governance_mode":  "LOCKED",
    "result":  "SUCCESS",
    "timestamp_utc":  "2026-05-24T01:50:17.5083132Z",
    "event":  "PRAE_RUNTIME_ROUTE_VALIDATION"
}
{
    "routes":  [
                   {
                       "name":  "resumora-production-health",
                       "url":  "https://www.resumora.net/api/health",
                       "expected_status":  200,
                       "actual_status":  200,
                       "passed":  true
                   },
                   {
                       "name":  "resumora-orchestration-protected",
                       "url":  "https://www.resumora.net/api/orchestration/bossmind-health",
                       "expected_status":  401,
                       "actual_status":  401,
                       "passed":  true
                   }
               ],
    "auto_repair":  "DISABLED",
    "authority":  "PRAE",
    "production_mutation":  "NONE",
    "governance_mode":  "LOCKED",
    "result":  "SUCCESS",
    "timestamp_utc":  "2026-05-24T01:52:30.3836614Z",
    "event":  "PRAE_RUNTIME_ROUTE_VALIDATION"
}
{
    "auto_repair":  "DISABLED",
    "authority":  "PRAE",
    "production_mutation":  "NONE",
    "governance_mode":  "LOCKED",
    "deployment_state":  "DEPLOYMENT_STABLE",
    "timestamp_utc":  "2026-05-24T01:53:10.6543124Z",
    "checks":  [
                   {
                       "type":  "runtime-route",
                       "target":  "production-health",
                       "expected":  200,
                       "actual":  200,
                       "passed":  true
                   },
                   {
                       "type":  "runtime-route",
                       "target":  "orchestration-protection",
                       "expected":  401,
                       "actual":  401,
                       "passed":  true
                   },
                   {
                       "type":  "governance-file",
                       "target":  "D:\\BossMind\\bossmind-shared\\prae\\runtime-ledger\\prae-runtime-ledger.json",
                       "expected":  "EXISTS",
                       "actual":  "EXISTS",
                       "passed":  true
                   },
                   {
                       "type":  "governance-file",
                       "target":  "D:\\BossMind\\bossmind-shared\\prae\\checksums\\prae-checksum-registry.json",
                       "expected":  "EXISTS",
                       "actual":  "EXISTS",
                       "passed":  true
                   },
                   {
                       "type":  "governance-file",
                       "target":  "D:\\BossMind\\bossmind-shared\\prae\\deployment-validation\\prae-deployment-authority.json",
                       "expected":  "EXISTS",
                       "actual":  "EXISTS",
                       "passed":  true
                   },
                   {
                       "type":  "governance-file",
                       "target":  "D:\\BossMind\\bossmind-shared\\prae\\authority\\prae-runtime-validation.json",
                       "expected":  "EXISTS",
                       "actual":  "EXISTS",
                       "passed":  true
                   }
               ],
    "event":  "PRAE_DEPLOYMENT_DRIFT_VALIDATION"
}
{
    "auto_repair":  "DISABLED",
    "authority":  "PRAE",
    "production_mutation":  "NONE",
    "governance_mode":  "LOCKED",
    "result":  "SUCCESS",
    "timestamp_utc":  "2026-05-24T02:02:28.4006819Z",
    "integrity_results":  [
                              {
                                  "file":  "D:\\BossMind\\bossmind-shared\\prae\\runtime-ledger\\prae-runtime-ledger.json",
                                  "exists":  true,
                                  "integrity":  "VALID"
                              },
                              {
                                  "file":  "D:\\BossMind\\bossmind-shared\\prae\\checksums\\prae-checksum-registry.json",
                                  "exists":  true,
                                  "integrity":  "VALID"
                              },
                              {
                                  "file":  "D:\\BossMind\\bossmind-shared\\prae\\deployment-validation\\prae-deployment-authority.json",
                                  "exists":  true,
                                  "integrity":  "VALID"
                              },
                              {
                                  "file":  "D:\\BossMind\\bossmind-shared\\prae\\drift-detection\\prae-drift-authority.json",
                                  "exists":  true,
                                  "integrity":  "VALID"
                              },
                              {
                                  "file":  "D:\\BossMind\\bossmind-shared\\prae\\repair-simulation\\prae-repair-authority.json",
                                  "exists":  true,
                                  "integrity":  "VALID"
                              },
                              {
                                  "file":  "D:\\BossMind\\bossmind-shared\\prae\\authority\\prae-runtime-validation.json",
                                  "exists":  true,
                                  "integrity":  "VALID"
                              }
                          ],
    "event":  "PRAE_INTEGRITY_MONITOR"
}
{
    "routes":  [
                   {
                       "name":  "resumora-production-health",
                       "url":  "https://www.resumora.net/api/health",
                       "expected_status":  200,
                       "actual_status":  200,
                       "passed":  true
                   },
                   {
                       "name":  "resumora-orchestration-protected",
                       "url":  "https://www.resumora.net/api/orchestration/bossmind-health",
                       "expected_status":  401,
                       "actual_status":  401,
                       "passed":  true
                   }
               ],
    "auto_repair":  "DISABLED",
    "authority":  "PRAE",
    "production_mutation":  "NONE",
    "governance_mode":  "LOCKED",
    "result":  "SUCCESS",
    "timestamp_utc":  "2026-05-24T02:07:30.8994384Z",
    "event":  "PRAE_RUNTIME_ROUTE_VALIDATION"
}
{
    "deployment_mode":  "STAGED",
    "auto_repair":  "DISABLED",
    "authority":  "PRAE",
    "dashboard_exists":  true,
    "event":  "PRAE_SHARED_MEMORY_BRIDGE_SYNC",
    "timestamp_utc":  "2026-05-24T02:11:38.4307708Z",
    "governance_mode":  "LOCKED",
    "production_mutation":  "NONE",
    "ledger_exists":  true,
    "sync_targets":  {
                         "bridge_report":  "D:\\BossMind\\bossmind-shared\\prae\\shared-memory-bridge\\prae-shared-memory-bridge-report.json",
                         "ledger_copy":  "D:\\BossMind\\bossmind-shared\\shared-memory\\prae-events.log",
                         "dashboard_copy":  "D:\\BossMind\\bossmind-shared\\shared-memory\\prae-governance-dashboard.json"
                     }
}
{
    "auto_repair":  "DISABLED",
    "authority":  "PRAE",
    "production_mutation":  "NONE",
    "governance_mode":  "LOCKED",
    "result":  "SUCCESS",
    "timestamp_utc":  "2026-05-24T02:17:28.5156356Z",
    "integrity_results":  [
                              {
                                  "file":  "D:\\BossMind\\bossmind-shared\\prae\\runtime-ledger\\prae-runtime-ledger.json",
                                  "exists":  true,
                                  "integrity":  "VALID"
                              },
                              {
                                  "file":  "D:\\BossMind\\bossmind-shared\\prae\\checksums\\prae-checksum-registry.json",
                                  "exists":  true,
                                  "integrity":  "VALID"
                              },
                              {
                                  "file":  "D:\\BossMind\\bossmind-shared\\prae\\deployment-validation\\prae-deployment-authority.json",
                                  "exists":  true,
                                  "integrity":  "VALID"
                              },
                              {
                                  "file":  "D:\\BossMind\\bossmind-shared\\prae\\drift-detection\\prae-drift-authority.json",
                                  "exists":  true,
                                  "integrity":  "VALID"
                              },
                              {
                                  "file":  "D:\\BossMind\\bossmind-shared\\prae\\repair-simulation\\prae-repair-authority.json",
                                  "exists":  true,
                                  "integrity":  "VALID"
                              },
                              {
                                  "file":  "D:\\BossMind\\bossmind-shared\\prae\\authority\\prae-runtime-validation.json",
                                  "exists":  true,
                                  "integrity":  "VALID"
                              }
                          ],
    "event":  "PRAE_INTEGRITY_MONITOR"
}
{
    "routes":  [
                   {
                       "name":  "resumora-production-health",
                       "url":  "https://www.resumora.net/api/health",
                       "expected_status":  200,
                       "actual_status":  200,
                       "passed":  true
                   },
                   {
                       "name":  "resumora-orchestration-protected",
                       "url":  "https://www.resumora.net/api/orchestration/bossmind-health",
                       "expected_status":  401,
                       "actual_status":  401,
                       "passed":  true
                   }
               ],
    "auto_repair":  "DISABLED",
    "authority":  "PRAE",
    "production_mutation":  "NONE",
    "governance_mode":  "LOCKED",
    "result":  "SUCCESS",
    "timestamp_utc":  "2026-05-24T02:22:33.2551530Z",
    "event":  "PRAE_RUNTIME_ROUTE_VALIDATION"
}
{
    "auto_repair":  "DISABLED",
    "authority":  "PRAE",
    "production_mutation":  "NONE",
    "governance_mode":  "LOCKED",
    "result":  "SUCCESS",
    "timestamp_utc":  "2026-05-24T02:32:28.2643802Z",
    "integrity_results":  [
                              {
                                  "file":  "D:\\BossMind\\bossmind-shared\\prae\\runtime-ledger\\prae-runtime-ledger.json",
                                  "exists":  true,
                                  "integrity":  "VALID"
                              },
                              {
                                  "file":  "D:\\BossMind\\bossmind-shared\\prae\\checksums\\prae-checksum-registry.json",
                                  "exists":  true,
                                  "integrity":  "VALID"
                              },
                              {
                                  "file":  "D:\\BossMind\\bossmind-shared\\prae\\deployment-validation\\prae-deployment-authority.json",
                                  "exists":  true,
                                  "integrity":  "VALID"
                              },
                              {
                                  "file":  "D:\\BossMind\\bossmind-shared\\prae\\drift-detection\\prae-drift-authority.json",
                                  "exists":  true,
                                  "integrity":  "VALID"
                              },
                              {
                                  "file":  "D:\\BossMind\\bossmind-shared\\prae\\repair-simulation\\prae-repair-authority.json",
                                  "exists":  true,
                                  "integrity":  "VALID"
                              },
                              {
                                  "file":  "D:\\BossMind\\bossmind-shared\\prae\\authority\\prae-runtime-validation.json",
                                  "exists":  true,
                                  "integrity":  "VALID"
                              }
                          ],
    "event":  "PRAE_INTEGRITY_MONITOR"
}
{
    "routes":  [
                   {
                       "name":  "resumora-production-health",
                       "url":  "https://www.resumora.net/api/health",
                       "expected_status":  200,
                       "actual_status":  200,
                       "passed":  true
                   },
                   {
                       "name":  "resumora-orchestration-protected",
                       "url":  "https://www.resumora.net/api/orchestration/bossmind-health",
                       "expected_status":  401,
                       "actual_status":  401,
                       "passed":  true
                   }
               ],
    "auto_repair":  "DISABLED",
    "authority":  "PRAE",
    "production_mutation":  "NONE",
    "governance_mode":  "LOCKED",
    "result":  "SUCCESS",
    "timestamp_utc":  "2026-05-24T02:37:32.2265606Z",
    "event":  "PRAE_RUNTIME_ROUTE_VALIDATION"
}
{
    "auto_repair":  "DISABLED",
    "authority":  "PRAE",
    "production_mutation":  "NONE",
    "governance_mode":  "LOCKED",
    "result":  "SUCCESS",
    "timestamp_utc":  "2026-05-24T02:47:28.2145845Z",
    "integrity_results":  [
                              {
                                  "file":  "D:\\BossMind\\bossmind-shared\\prae\\runtime-ledger\\prae-runtime-ledger.json",
                                  "exists":  true,
                                  "integrity":  "VALID"
                              },
                              {
                                  "file":  "D:\\BossMind\\bossmind-shared\\prae\\checksums\\prae-checksum-registry.json",
                                  "exists":  true,
                                  "integrity":  "VALID"
                              },
                              {
                                  "file":  "D:\\BossMind\\bossmind-shared\\prae\\deployment-validation\\prae-deployment-authority.json",
                                  "exists":  true,
                                  "integrity":  "VALID"
                              },
                              {
                                  "file":  "D:\\BossMind\\bossmind-shared\\prae\\drift-detection\\prae-drift-authority.json",
                                  "exists":  true,
                                  "integrity":  "VALID"
                              },
                              {
                                  "file":  "D:\\BossMind\\bossmind-shared\\prae\\repair-simulation\\prae-repair-authority.json",
                                  "exists":  true,
                                  "integrity":  "VALID"
                              },
                              {
                                  "file":  "D:\\BossMind\\bossmind-shared\\prae\\authority\\prae-runtime-validation.json",
                                  "exists":  true,
                                  "integrity":  "VALID"
                              }
                          ],
    "event":  "PRAE_INTEGRITY_MONITOR"
}
{
    "routes":  [
                   {
                       "name":  "resumora-production-health",
                       "url":  "https://www.resumora.net/api/health",
                       "expected_status":  200,
                       "actual_status":  200,
                       "passed":  true
                   },
                   {
                       "name":  "resumora-orchestration-protected",
                       "url":  "https://www.resumora.net/api/orchestration/bossmind-health",
                       "expected_status":  401,
                       "actual_status":  401,
                       "passed":  true
                   }
               ],
    "auto_repair":  "DISABLED",
    "authority":  "PRAE",
    "production_mutation":  "NONE",
    "governance_mode":  "LOCKED",
    "result":  "SUCCESS",
    "timestamp_utc":  "2026-05-24T02:52:32.6604454Z",
    "event":  "PRAE_RUNTIME_ROUTE_VALIDATION"
}
{
    "auto_repair":  "DISABLED",
    "authority":  "PRAE",
    "production_mutation":  "NONE",
    "governance_mode":  "LOCKED",
    "result":  "SUCCESS",
    "timestamp_utc":  "2026-05-24T03:20:32.6187703Z",
    "integrity_results":  [
                              {
                                  "file":  "D:\\BossMind\\bossmind-shared\\prae\\runtime-ledger\\prae-runtime-ledger.json",
                                  "exists":  true,
                                  "integrity":  "VALID"
                              },
                              {
                                  "file":  "D:\\BossMind\\bossmind-shared\\prae\\checksums\\prae-checksum-registry.json",
                                  "exists":  true,
                                  "integrity":  "VALID"
                              },
                              {
                                  "file":  "D:\\BossMind\\bossmind-shared\\prae\\deployment-validation\\prae-deployment-authority.json",
                                  "exists":  true,
                                  "integrity":  "VALID"
                              },
                              {
                                  "file":  "D:\\BossMind\\bossmind-shared\\prae\\drift-detection\\prae-drift-authority.json",
                                  "exists":  true,
                                  "integrity":  "VALID"
                              },
                              {
                                  "file":  "D:\\BossMind\\bossmind-shared\\prae\\repair-simulation\\prae-repair-authority.json",
                                  "exists":  true,
                                  "integrity":  "VALID"
                              },
                              {
                                  "file":  "D:\\BossMind\\bossmind-shared\\prae\\authority\\prae-runtime-validation.json",
                                  "exists":  true,
                                  "integrity":  "VALID"
                              }
                          ],
    "event":  "PRAE_INTEGRITY_MONITOR"
}
{
    "routes":  [
                   {
                       "name":  "resumora-production-health",
                       "url":  "https://www.resumora.net/api/health",
                       "expected_status":  200,
                       "actual_status":  200,
                       "passed":  true
                   },
                   {
                       "name":  "resumora-orchestration-protected",
                       "url":  "https://www.resumora.net/api/orchestration/bossmind-health",
                       "expected_status":  401,
                       "actual_status":  401,
                       "passed":  true
                   }
               ],
    "auto_repair":  "DISABLED",
    "authority":  "PRAE",
    "production_mutation":  "NONE",
    "governance_mode":  "LOCKED",
    "result":  "SUCCESS",
    "timestamp_utc":  "2026-05-24T03:20:35.0274619Z",
    "event":  "PRAE_RUNTIME_ROUTE_VALIDATION"
}
{
    "routes":  [
                   {
                       "name":  "resumora-production-health",
                       "url":  "https://www.resumora.net/api/health",
                       "expected_status":  200,
                       "actual_status":  200,
                       "passed":  true
                   },
                   {
                       "name":  "resumora-orchestration-protected",
                       "url":  "https://www.resumora.net/api/orchestration/bossmind-health",
                       "expected_status":  401,
                       "actual_status":  401,
                       "passed":  true
                   }
               ],
    "auto_repair":  "DISABLED",
    "authority":  "PRAE",
    "production_mutation":  "NONE",
    "governance_mode":  "LOCKED",
    "result":  "SUCCESS",
    "timestamp_utc":  "2026-05-24T03:22:30.9986720Z",
    "event":  "PRAE_RUNTIME_ROUTE_VALIDATION"
}
{
    "auto_repair":  "DISABLED",
    "authority":  "PRAE",
    "production_mutation":  "NONE",
    "governance_mode":  "LOCKED",
    "result":  "SUCCESS",
    "timestamp_utc":  "2026-05-24T03:32:28.5363670Z",
    "integrity_results":  [
                              {
                                  "file":  "D:\\BossMind\\bossmind-shared\\prae\\runtime-ledger\\prae-runtime-ledger.json",
                                  "exists":  true,
                                  "integrity":  "VALID"
                              },
                              {
                                  "file":  "D:\\BossMind\\bossmind-shared\\prae\\checksums\\prae-checksum-registry.json",
                                  "exists":  true,
                                  "integrity":  "VALID"
                              },
                              {
                                  "file":  "D:\\BossMind\\bossmind-shared\\prae\\deployment-validation\\prae-deployment-authority.json",
                                  "exists":  true,
                                  "integrity":  "VALID"
                              },
                              {
                                  "file":  "D:\\BossMind\\bossmind-shared\\prae\\drift-detection\\prae-drift-authority.json",
                                  "exists":  true,
                                  "integrity":  "VALID"
                              },
                              {
                                  "file":  "D:\\BossMind\\bossmind-shared\\prae\\repair-simulation\\prae-repair-authority.json",
                                  "exists":  true,
                                  "integrity":  "VALID"
                              },
                              {
                                  "file":  "D:\\BossMind\\bossmind-shared\\prae\\authority\\prae-runtime-validation.json",
                                  "exists":  true,
                                  "integrity":  "VALID"
                              }
                          ],
    "event":  "PRAE_INTEGRITY_MONITOR"
}
{
    "routes":  [
                   {
                       "name":  "resumora-production-health",
                       "url":  "https://www.resumora.net/api/health",
                       "expected_status":  200,
                       "actual_status":  200,
                       "passed":  true
                   },
                   {
                       "name":  "resumora-orchestration-protected",
                       "url":  "https://www.resumora.net/api/orchestration/bossmind-health",
                       "expected_status":  401,
                       "actual_status":  401,
                       "passed":  true
                   }
               ],
    "auto_repair":  "DISABLED",
    "authority":  "PRAE",
    "production_mutation":  "NONE",
    "governance_mode":  "LOCKED",
    "result":  "SUCCESS",
    "timestamp_utc":  "2026-05-24T03:37:31.4469977Z",
    "event":  "PRAE_RUNTIME_ROUTE_VALIDATION"
}
{
    "auto_repair":  "DISABLED",
    "authority":  "PRAE",
    "production_mutation":  "NONE",
    "governance_mode":  "LOCKED",
    "result":  "SUCCESS",
    "timestamp_utc":  "2026-05-24T03:47:28.5186590Z",
    "integrity_results":  [
                              {
                                  "file":  "D:\\BossMind\\bossmind-shared\\prae\\runtime-ledger\\prae-runtime-ledger.json",
                                  "exists":  true,
                                  "integrity":  "VALID"
                              },
                              {
                                  "file":  "D:\\BossMind\\bossmind-shared\\prae\\checksums\\prae-checksum-registry.json",
                                  "exists":  true,
                                  "integrity":  "VALID"
                              },
                              {
                                  "file":  "D:\\BossMind\\bossmind-shared\\prae\\deployment-validation\\prae-deployment-authority.json",
                                  "exists":  true,
                                  "integrity":  "VALID"
                              },
                              {
                                  "file":  "D:\\BossMind\\bossmind-shared\\prae\\drift-detection\\prae-drift-authority.json",
                                  "exists":  true,
                                  "integrity":  "VALID"
                              },
                              {
                                  "file":  "D:\\BossMind\\bossmind-shared\\prae\\repair-simulation\\prae-repair-authority.json",
                                  "exists":  true,
                                  "integrity":  "VALID"
                              },
                              {
                                  "file":  "D:\\BossMind\\bossmind-shared\\prae\\authority\\prae-runtime-validation.json",
                                  "exists":  true,
                                  "integrity":  "VALID"
                              }
                          ],
    "event":  "PRAE_INTEGRITY_MONITOR"
}
{
    "routes":  [
                   {
                       "name":  "resumora-production-health",
                       "url":  "https://www.resumora.net/api/health",
                       "expected_status":  200,
                       "actual_status":  200,
                       "passed":  true
                   },
                   {
                       "name":  "resumora-orchestration-protected",
                       "url":  "https://www.resumora.net/api/orchestration/bossmind-health",
                       "expected_status":  401,
                       "actual_status":  401,
                       "passed":  true
                   }
               ],
    "auto_repair":  "DISABLED",
    "authority":  "PRAE",
    "production_mutation":  "NONE",
    "governance_mode":  "LOCKED",
    "result":  "SUCCESS",
    "timestamp_utc":  "2026-05-24T03:52:31.8743760Z",
    "event":  "PRAE_RUNTIME_ROUTE_VALIDATION"
}
{
    "auto_repair":  "DISABLED",
    "authority":  "PRAE",
    "production_mutation":  "NONE",
    "governance_mode":  "LOCKED",
    "result":  "SUCCESS",
    "timestamp_utc":  "2026-05-24T04:02:28.5764021Z",
    "integrity_results":  [
                              {
                                  "file":  "D:\\BossMind\\bossmind-shared\\prae\\runtime-ledger\\prae-runtime-ledger.json",
                                  "exists":  true,
                                  "integrity":  "VALID"
                              },
                              {
                                  "file":  "D:\\BossMind\\bossmind-shared\\prae\\checksums\\prae-checksum-registry.json",
                                  "exists":  true,
                                  "integrity":  "VALID"
                              },
                              {
                                  "file":  "D:\\BossMind\\bossmind-shared\\prae\\deployment-validation\\prae-deployment-authority.json",
                                  "exists":  true,
                                  "integrity":  "VALID"
                              },
                              {
                                  "file":  "D:\\BossMind\\bossmind-shared\\prae\\drift-detection\\prae-drift-authority.json",
                                  "exists":  true,
                                  "integrity":  "VALID"
                              },
                              {
                                  "file":  "D:\\BossMind\\bossmind-shared\\prae\\repair-simulation\\prae-repair-authority.json",
                                  "exists":  true,
                                  "integrity":  "VALID"
                              },
                              {
                                  "file":  "D:\\BossMind\\bossmind-shared\\prae\\authority\\prae-runtime-validation.json",
                                  "exists":  true,
                                  "integrity":  "VALID"
                              }
                          ],
    "event":  "PRAE_INTEGRITY_MONITOR"
}
{
    "routes":  [
                   {
                       "name":  "resumora-production-health",
                       "url":  "https://www.resumora.net/api/health",
                       "expected_status":  200,
                       "actual_status":  200,
                       "passed":  true
                   },
                   {
                       "name":  "resumora-orchestration-protected",
                       "url":  "https://www.resumora.net/api/orchestration/bossmind-health",
                       "expected_status":  401,
                       "actual_status":  401,
                       "passed":  true
                   }
               ],
    "auto_repair":  "DISABLED",
    "authority":  "PRAE",
    "production_mutation":  "NONE",
    "governance_mode":  "LOCKED",
    "result":  "SUCCESS",
    "timestamp_utc":  "2026-05-24T04:07:31.7907994Z",
    "event":  "PRAE_RUNTIME_ROUTE_VALIDATION"
}
{
    "auto_repair":  "DISABLED",
    "authority":  "PRAE",
    "production_mutation":  "NONE",
    "governance_mode":  "LOCKED",
    "result":  "SUCCESS",
    "timestamp_utc":  "2026-05-24T04:17:28.6020178Z",
    "integrity_results":  [
                              {
                                  "file":  "D:\\BossMind\\bossmind-shared\\prae\\runtime-ledger\\prae-runtime-ledger.json",
                                  "exists":  true,
                                  "integrity":  "VALID"
                              },
                              {
                                  "file":  "D:\\BossMind\\bossmind-shared\\prae\\checksums\\prae-checksum-registry.json",
                                  "exists":  true,
                                  "integrity":  "VALID"
                              },
                              {
                                  "file":  "D:\\BossMind\\bossmind-shared\\prae\\deployment-validation\\prae-deployment-authority.json",
                                  "exists":  true,
                                  "integrity":  "VALID"
                              },
                              {
                                  "file":  "D:\\BossMind\\bossmind-shared\\prae\\drift-detection\\prae-drift-authority.json",
                                  "exists":  true,
                                  "integrity":  "VALID"
                              },
                              {
                                  "file":  "D:\\BossMind\\bossmind-shared\\prae\\repair-simulation\\prae-repair-authority.json",
                                  "exists":  true,
                                  "integrity":  "VALID"
                              },
                              {
                                  "file":  "D:\\BossMind\\bossmind-shared\\prae\\authority\\prae-runtime-validation.json",
                                  "exists":  true,
                                  "integrity":  "VALID"
                              }
                          ],
    "event":  "PRAE_INTEGRITY_MONITOR"
}
{
    "routes":  [
                   {
                       "name":  "resumora-production-health",
                       "url":  "https://www.resumora.net/api/health",
                       "expected_status":  200,
                       "actual_status":  200,
                       "passed":  true
                   },
                   {
                       "name":  "resumora-orchestration-protected",
                       "url":  "https://www.resumora.net/api/orchestration/bossmind-health",
                       "expected_status":  401,
                       "actual_status":  401,
                       "passed":  true
                   }
               ],
    "auto_repair":  "DISABLED",
    "authority":  "PRAE",
    "production_mutation":  "NONE",
    "governance_mode":  "LOCKED",
    "result":  "SUCCESS",
    "timestamp_utc":  "2026-05-24T04:22:32.2992679Z",
    "event":  "PRAE_RUNTIME_ROUTE_VALIDATION"
}
{
    "auto_repair":  "DISABLED",
    "authority":  "PRAE",
    "production_mutation":  "NONE",
    "governance_mode":  "LOCKED",
    "result":  "SUCCESS",
    "timestamp_utc":  "2026-05-24T04:32:28.5874974Z",
    "integrity_results":  [
                              {
                                  "file":  "D:\\BossMind\\bossmind-shared\\prae\\runtime-ledger\\prae-runtime-ledger.json",
                                  "exists":  true,
                                  "integrity":  "VALID"
                              },
                              {
                                  "file":  "D:\\BossMind\\bossmind-shared\\prae\\checksums\\prae-checksum-registry.json",
                                  "exists":  true,
                                  "integrity":  "VALID"
                              },
                              {
                                  "file":  "D:\\BossMind\\bossmind-shared\\prae\\deployment-validation\\prae-deployment-authority.json",
                                  "exists":  true,
                                  "integrity":  "VALID"
                              },
                              {
                                  "file":  "D:\\BossMind\\bossmind-shared\\prae\\drift-detection\\prae-drift-authority.json",
                                  "exists":  true,
                                  "integrity":  "VALID"
                              },
                              {
                                  "file":  "D:\\BossMind\\bossmind-shared\\prae\\repair-simulation\\prae-repair-authority.json",
                                  "exists":  true,
                                  "integrity":  "VALID"
                              },
                              {
                                  "file":  "D:\\BossMind\\bossmind-shared\\prae\\authority\\prae-runtime-validation.json",
                                  "exists":  true,
                                  "integrity":  "VALID"
                              }
                          ],
    "event":  "PRAE_INTEGRITY_MONITOR"
}
{
    "routes":  [
                   {
                       "name":  "resumora-production-health",
                       "url":  "https://www.resumora.net/api/health",
                       "expected_status":  200,
                       "actual_status":  200,
                       "passed":  true
                   },
                   {
                       "name":  "resumora-orchestration-protected",
                       "url":  "https://www.resumora.net/api/orchestration/bossmind-health",
                       "expected_status":  401,
                       "actual_status":  401,
                       "passed":  true
                   }
               ],
    "auto_repair":  "DISABLED",
    "authority":  "PRAE",
    "production_mutation":  "NONE",
    "governance_mode":  "LOCKED",
    "result":  "SUCCESS",
    "timestamp_utc":  "2026-05-24T04:37:31.8231778Z",
    "event":  "PRAE_RUNTIME_ROUTE_VALIDATION"
}
{
    "auto_repair":  "DISABLED",
    "authority":  "PRAE",
    "production_mutation":  "NONE",
    "governance_mode":  "LOCKED",
    "result":  "SUCCESS",
    "timestamp_utc":  "2026-05-24T04:47:28.5812569Z",
    "integrity_results":  [
                              {
                                  "file":  "D:\\BossMind\\bossmind-shared\\prae\\runtime-ledger\\prae-runtime-ledger.json",
                                  "exists":  true,
                                  "integrity":  "VALID"
                              },
                              {
                                  "file":  "D:\\BossMind\\bossmind-shared\\prae\\checksums\\prae-checksum-registry.json",
                                  "exists":  true,
                                  "integrity":  "VALID"
                              },
                              {
                                  "file":  "D:\\BossMind\\bossmind-shared\\prae\\deployment-validation\\prae-deployment-authority.json",
                                  "exists":  true,
                                  "integrity":  "VALID"
                              },
                              {
                                  "file":  "D:\\BossMind\\bossmind-shared\\prae\\drift-detection\\prae-drift-authority.json",
                                  "exists":  true,
                                  "integrity":  "VALID"
                              },
                              {
                                  "file":  "D:\\BossMind\\bossmind-shared\\prae\\repair-simulation\\prae-repair-authority.json",
                                  "exists":  true,
                                  "integrity":  "VALID"
                              },
                              {
                                  "file":  "D:\\BossMind\\bossmind-shared\\prae\\authority\\prae-runtime-validation.json",
                                  "exists":  true,
                                  "integrity":  "VALID"
                              }
                          ],
    "event":  "PRAE_INTEGRITY_MONITOR"
}
{
    "routes":  [
                   {
                       "name":  "resumora-production-health",
                       "url":  "https://www.resumora.net/api/health",
                       "expected_status":  200,
                       "actual_status":  200,
                       "passed":  true
                   },
                   {
                       "name":  "resumora-orchestration-protected",
                       "url":  "https://www.resumora.net/api/orchestration/bossmind-health",
                       "expected_status":  401,
                       "actual_status":  401,
                       "passed":  true
                   }
               ],
    "auto_repair":  "DISABLED",
    "authority":  "PRAE",
    "production_mutation":  "NONE",
    "governance_mode":  "LOCKED",
    "result":  "SUCCESS",
    "timestamp_utc":  "2026-05-24T04:52:31.8803910Z",
    "event":  "PRAE_RUNTIME_ROUTE_VALIDATION"
}
{
    "auto_repair":  "DISABLED",
    "authority":  "PRAE",
    "production_mutation":  "NONE",
    "governance_mode":  "LOCKED",
    "result":  "SUCCESS",
    "timestamp_utc":  "2026-05-24T13:21:19.8421304Z",
    "integrity_results":  [
                              {
                                  "file":  "D:\\BossMind\\bossmind-shared\\prae\\runtime-ledger\\prae-runtime-ledger.json",
                                  "exists":  true,
                                  "integrity":  "VALID"
                              },
                              {
                                  "file":  "D:\\BossMind\\bossmind-shared\\prae\\checksums\\prae-checksum-registry.json",
                                  "exists":  true,
                                  "integrity":  "VALID"
                              },
                              {
                                  "file":  "D:\\BossMind\\bossmind-shared\\prae\\deployment-validation\\prae-deployment-authority.json",
                                  "exists":  true,
                                  "integrity":  "VALID"
                              },
                              {
                                  "file":  "D:\\BossMind\\bossmind-shared\\prae\\drift-detection\\prae-drift-authority.json",
                                  "exists":  true,
                                  "integrity":  "VALID"
                              },
                              {
                                  "file":  "D:\\BossMind\\bossmind-shared\\prae\\repair-simulation\\prae-repair-authority.json",
                                  "exists":  true,
                                  "integrity":  "VALID"
                              },
                              {
                                  "file":  "D:\\BossMind\\bossmind-shared\\prae\\authority\\prae-runtime-validation.json",
                                  "exists":  true,
                                  "integrity":  "VALID"
                              }
                          ],
    "event":  "PRAE_INTEGRITY_MONITOR"
}
{
    "routes":  [
                   {
                       "name":  "resumora-production-health",
                       "url":  "https://www.resumora.net/api/health",
                       "expected_status":  200,
                       "actual_status":  200,
                       "passed":  true
                   },
                   {
                       "name":  "resumora-orchestration-protected",
                       "url":  "https://www.resumora.net/api/orchestration/bossmind-health",
                       "expected_status":  401,
                       "actual_status":  401,
                       "passed":  true
                   }
               ],
    "auto_repair":  "DISABLED",
    "authority":  "PRAE",
    "production_mutation":  "NONE",
    "governance_mode":  "LOCKED",
    "result":  "SUCCESS",
    "timestamp_utc":  "2026-05-24T13:21:21.6296946Z",
    "event":  "PRAE_RUNTIME_ROUTE_VALIDATION"
}
{
    "routes":  [
                   {
                       "name":  "resumora-production-health",
                       "url":  "https://www.resumora.net/api/health",
                       "expected_status":  200,
                       "actual_status":  200,
                       "passed":  true
                   },
                   {
                       "name":  "resumora-orchestration-protected",
                       "url":  "https://www.resumora.net/api/orchestration/bossmind-health",
                       "expected_status":  401,
                       "actual_status":  401,
                       "passed":  true
                   }
               ],
    "auto_repair":  "DISABLED",
    "authority":  "PRAE",
    "production_mutation":  "NONE",
    "governance_mode":  "LOCKED",
    "result":  "SUCCESS",
    "timestamp_utc":  "2026-05-24T13:22:31.5167411Z",
    "event":  "PRAE_RUNTIME_ROUTE_VALIDATION"
}
{
    "auto_repair":  "DISABLED",
    "authority":  "PRAE",
    "production_mutation":  "NONE",
    "governance_mode":  "LOCKED",
    "result":  "SUCCESS",
    "timestamp_utc":  "2026-05-24T13:32:28.6633040Z",
    "integrity_results":  [
                              {
                                  "file":  "D:\\BossMind\\bossmind-shared\\prae\\runtime-ledger\\prae-runtime-ledger.json",
                                  "exists":  true,
                                  "integrity":  "VALID"
                              },
                              {
                                  "file":  "D:\\BossMind\\bossmind-shared\\prae\\checksums\\prae-checksum-registry.json",
                                  "exists":  true,
                                  "integrity":  "VALID"
                              },
                              {
                                  "file":  "D:\\BossMind\\bossmind-shared\\prae\\deployment-validation\\prae-deployment-authority.json",
                                  "exists":  true,
                                  "integrity":  "VALID"
                              },
                              {
                                  "file":  "D:\\BossMind\\bossmind-shared\\prae\\drift-detection\\prae-drift-authority.json",
                                  "exists":  true,
                                  "integrity":  "VALID"
                              },
                              {
                                  "file":  "D:\\BossMind\\bossmind-shared\\prae\\repair-simulation\\prae-repair-authority.json",
                                  "exists":  true,
                                  "integrity":  "VALID"
                              },
                              {
                                  "file":  "D:\\BossMind\\bossmind-shared\\prae\\authority\\prae-runtime-validation.json",
                                  "exists":  true,
                                  "integrity":  "VALID"
                              }
                          ],
    "event":  "PRAE_INTEGRITY_MONITOR"
}
{
    "routes":  [
                   {
                       "name":  "resumora-production-health",
                       "url":  "https://www.resumora.net/api/health",
                       "expected_status":  200,
                       "actual_status":  200,
                       "passed":  true
                   },
                   {
                       "name":  "resumora-orchestration-protected",
                       "url":  "https://www.resumora.net/api/orchestration/bossmind-health",
                       "expected_status":  401,
                       "actual_status":  401,
                       "passed":  true
                   }
               ],
    "auto_repair":  "DISABLED",
    "authority":  "PRAE",
    "production_mutation":  "NONE",
    "governance_mode":  "LOCKED",
    "result":  "SUCCESS",
    "timestamp_utc":  "2026-05-24T13:37:32.5711730Z",
    "event":  "PRAE_RUNTIME_ROUTE_VALIDATION"
}
{
    "auto_repair":  "DISABLED",
    "authority":  "PRAE",
    "production_mutation":  "NONE",
    "governance_mode":  "LOCKED",
    "result":  "SUCCESS",
    "timestamp_utc":  "2026-05-24T13:47:28.6003245Z",
    "integrity_results":  [
                              {
                                  "file":  "D:\\BossMind\\bossmind-shared\\prae\\runtime-ledger\\prae-runtime-ledger.json",
                                  "exists":  true,
                                  "integrity":  "VALID"
                              },
                              {
                                  "file":  "D:\\BossMind\\bossmind-shared\\prae\\checksums\\prae-checksum-registry.json",
                                  "exists":  true,
                                  "integrity":  "VALID"
                              },
                              {
                                  "file":  "D:\\BossMind\\bossmind-shared\\prae\\deployment-validation\\prae-deployment-authority.json",
                                  "exists":  true,
                                  "integrity":  "VALID"
                              },
                              {
                                  "file":  "D:\\BossMind\\bossmind-shared\\prae\\drift-detection\\prae-drift-authority.json",
                                  "exists":  true,
                                  "integrity":  "VALID"
                              },
                              {
                                  "file":  "D:\\BossMind\\bossmind-shared\\prae\\repair-simulation\\prae-repair-authority.json",
                                  "exists":  true,
                                  "integrity":  "VALID"
                              },
                              {
                                  "file":  "D:\\BossMind\\bossmind-shared\\prae\\authority\\prae-runtime-validation.json",
                                  "exists":  true,
                                  "integrity":  "VALID"
                              }
                          ],
    "event":  "PRAE_INTEGRITY_MONITOR"
}
{
    "routes":  [
                   {
                       "name":  "resumora-production-health",
                       "url":  "https://www.resumora.net/api/health",
                       "expected_status":  200,
                       "actual_status":  200,
                       "passed":  true
                   },
                   {
                       "name":  "resumora-orchestration-protected",
                       "url":  "https://www.resumora.net/api/orchestration/bossmind-health",
                       "expected_status":  401,
                       "actual_status":  401,
                       "passed":  true
                   }
               ],
    "auto_repair":  "DISABLED",
    "authority":  "PRAE",
    "production_mutation":  "NONE",
    "governance_mode":  "LOCKED",
    "result":  "SUCCESS",
    "timestamp_utc":  "2026-05-24T13:52:31.7801046Z",
    "event":  "PRAE_RUNTIME_ROUTE_VALIDATION"
}
{
    "auto_repair":  "DISABLED",
    "authority":  "PRAE",
    "production_mutation":  "NONE",
    "governance_mode":  "LOCKED",
    "result":  "SUCCESS",
    "timestamp_utc":  "2026-05-24T14:02:29.2227716Z",
    "integrity_results":  [
                              {
                                  "file":  "D:\\BossMind\\bossmind-shared\\prae\\runtime-ledger\\prae-runtime-ledger.json",
                                  "exists":  true,
                                  "integrity":  "VALID"
                              },
                              {
                                  "file":  "D:\\BossMind\\bossmind-shared\\prae\\checksums\\prae-checksum-registry.json",
                                  "exists":  true,
                                  "integrity":  "VALID"
                              },
                              {
                                  "file":  "D:\\BossMind\\bossmind-shared\\prae\\deployment-validation\\prae-deployment-authority.json",
                                  "exists":  true,
                                  "integrity":  "VALID"
                              },
                              {
                                  "file":  "D:\\BossMind\\bossmind-shared\\prae\\drift-detection\\prae-drift-authority.json",
                                  "exists":  true,
                                  "integrity":  "VALID"
                              },
                              {
                                  "file":  "D:\\BossMind\\bossmind-shared\\prae\\repair-simulation\\prae-repair-authority.json",
                                  "exists":  true,
                                  "integrity":  "VALID"
                              },
                              {
                                  "file":  "D:\\BossMind\\bossmind-shared\\prae\\authority\\prae-runtime-validation.json",
                                  "exists":  true,
                                  "integrity":  "VALID"
                              }
                          ],
    "event":  "PRAE_INTEGRITY_MONITOR"
}
{
    "routes":  [
                   {
                       "name":  "resumora-production-health",
                       "url":  "https://www.resumora.net/api/health",
                       "expected_status":  200,
                       "actual_status":  200,
                       "passed":  true
                   },
                   {
                       "name":  "resumora-orchestration-protected",
                       "url":  "https://www.resumora.net/api/orchestration/bossmind-health",
                       "expected_status":  401,
                       "actual_status":  401,
                       "passed":  true
                   }
               ],
    "auto_repair":  "DISABLED",
    "authority":  "PRAE",
    "production_mutation":  "NONE",
    "governance_mode":  "LOCKED",
    "result":  "SUCCESS",
    "timestamp_utc":  "2026-05-24T14:07:32.0138332Z",
    "event":  "PRAE_RUNTIME_ROUTE_VALIDATION"
}
{
    "auto_repair":  "DISABLED",
    "authority":  "PRAE",
    "production_mutation":  "NONE",
    "governance_mode":  "LOCKED",
    "result":  "SUCCESS",
    "timestamp_utc":  "2026-05-24T14:17:28.6210225Z",
    "integrity_results":  [
                              {
                                  "file":  "D:\\BossMind\\bossmind-shared\\prae\\runtime-ledger\\prae-runtime-ledger.json",
                                  "exists":  true,
                                  "integrity":  "VALID"
                              },
                              {
                                  "file":  "D:\\BossMind\\bossmind-shared\\prae\\checksums\\prae-checksum-registry.json",
                                  "exists":  true,
                                  "integrity":  "VALID"
                              },
                              {
                                  "file":  "D:\\BossMind\\bossmind-shared\\prae\\deployment-validation\\prae-deployment-authority.json",
                                  "exists":  true,
                                  "integrity":  "VALID"
                              },
                              {
                                  "file":  "D:\\BossMind\\bossmind-shared\\prae\\drift-detection\\prae-drift-authority.json",
                                  "exists":  true,
                                  "integrity":  "VALID"
                              },
                              {
                                  "file":  "D:\\BossMind\\bossmind-shared\\prae\\repair-simulation\\prae-repair-authority.json",
                                  "exists":  true,
                                  "integrity":  "VALID"
                              },
                              {
                                  "file":  "D:\\BossMind\\bossmind-shared\\prae\\authority\\prae-runtime-validation.json",
                                  "exists":  true,
                                  "integrity":  "VALID"
                              }
                          ],
    "event":  "PRAE_INTEGRITY_MONITOR"
}
{
    "routes":  [
                   {
                       "name":  "resumora-production-health",
                       "url":  "https://www.resumora.net/api/health",
                       "expected_status":  200,
                       "actual_status":  200,
                       "passed":  true
                   },
                   {
                       "name":  "resumora-orchestration-protected",
                       "url":  "https://www.resumora.net/api/orchestration/bossmind-health",
                       "expected_status":  401,
                       "actual_status":  401,
                       "passed":  true
                   }
               ],
    "auto_repair":  "DISABLED",
    "authority":  "PRAE",
    "production_mutation":  "NONE",
    "governance_mode":  "LOCKED",
    "result":  "SUCCESS",
    "timestamp_utc":  "2026-05-24T14:22:32.6061068Z",
    "event":  "PRAE_RUNTIME_ROUTE_VALIDATION"
}
{
    "auto_repair":  "DISABLED",
    "authority":  "PRAE",
    "production_mutation":  "NONE",
    "governance_mode":  "LOCKED",
    "result":  "SUCCESS",
    "timestamp_utc":  "2026-05-24T14:32:28.6376261Z",
    "integrity_results":  [
                              {
                                  "file":  "D:\\BossMind\\bossmind-shared\\prae\\runtime-ledger\\prae-runtime-ledger.json",
                                  "exists":  true,
                                  "integrity":  "VALID"
                              },
                              {
                                  "file":  "D:\\BossMind\\bossmind-shared\\prae\\checksums\\prae-checksum-registry.json",
                                  "exists":  true,
                                  "integrity":  "VALID"
                              },
                              {
                                  "file":  "D:\\BossMind\\bossmind-shared\\prae\\deployment-validation\\prae-deployment-authority.json",
                                  "exists":  true,
                                  "integrity":  "VALID"
                              },
                              {
                                  "file":  "D:\\BossMind\\bossmind-shared\\prae\\drift-detection\\prae-drift-authority.json",
                                  "exists":  true,
                                  "integrity":  "VALID"
                              },
                              {
                                  "file":  "D:\\BossMind\\bossmind-shared\\prae\\repair-simulation\\prae-repair-authority.json",
                                  "exists":  true,
                                  "integrity":  "VALID"
                              },
                              {
                                  "file":  "D:\\BossMind\\bossmind-shared\\prae\\authority\\prae-runtime-validation.json",
                                  "exists":  true,
                                  "integrity":  "VALID"
                              }
                          ],
    "event":  "PRAE_INTEGRITY_MONITOR"
}
{
    "routes":  [
                   {
                       "name":  "resumora-production-health",
                       "url":  "https://www.resumora.net/api/health",
                       "expected_status":  200,
                       "actual_status":  200,
                       "passed":  true
                   },
                   {
                       "name":  "resumora-orchestration-protected",
                       "url":  "https://www.resumora.net/api/orchestration/bossmind-health",
                       "expected_status":  401,
                       "actual_status":  401,
                       "passed":  true
                   }
               ],
    "auto_repair":  "DISABLED",
    "authority":  "PRAE",
    "production_mutation":  "NONE",
    "governance_mode":  "LOCKED",
    "result":  "SUCCESS",
    "timestamp_utc":  "2026-05-24T14:37:31.9586489Z",
    "event":  "PRAE_RUNTIME_ROUTE_VALIDATION"
}
{
    "auto_repair":  "DISABLED",
    "authority":  "PRAE",
    "production_mutation":  "NONE",
    "governance_mode":  "LOCKED",
    "result":  "SUCCESS",
    "timestamp_utc":  "2026-05-24T14:47:28.7863919Z",
    "integrity_results":  [
                              {
                                  "file":  "D:\\BossMind\\bossmind-shared\\prae\\runtime-ledger\\prae-runtime-ledger.json",
                                  "exists":  true,
                                  "integrity":  "VALID"
                              },
                              {
                                  "file":  "D:\\BossMind\\bossmind-shared\\prae\\checksums\\prae-checksum-registry.json",
                                  "exists":  true,
                                  "integrity":  "VALID"
                              },
                              {
                                  "file":  "D:\\BossMind\\bossmind-shared\\prae\\deployment-validation\\prae-deployment-authority.json",
                                  "exists":  true,
                                  "integrity":  "VALID"
                              },
                              {
                                  "file":  "D:\\BossMind\\bossmind-shared\\prae\\drift-detection\\prae-drift-authority.json",
                                  "exists":  true,
                                  "integrity":  "VALID"
                              },
                              {
                                  "file":  "D:\\BossMind\\bossmind-shared\\prae\\repair-simulation\\prae-repair-authority.json",
                                  "exists":  true,
                                  "integrity":  "VALID"
                              },
                              {
                                  "file":  "D:\\BossMind\\bossmind-shared\\prae\\authority\\prae-runtime-validation.json",
                                  "exists":  true,
                                  "integrity":  "VALID"
                              }
                          ],
    "event":  "PRAE_INTEGRITY_MONITOR"
}
{
    "routes":  [
                   {
                       "name":  "resumora-production-health",
                       "url":  "https://www.resumora.net/api/health",
                       "expected_status":  200,
                       "actual_status":  200,
                       "passed":  true
                   },
                   {
                       "name":  "resumora-orchestration-protected",
                       "url":  "https://www.resumora.net/api/orchestration/bossmind-health",
                       "expected_status":  401,
                       "actual_status":  401,
                       "passed":  true
                   }
               ],
    "auto_repair":  "DISABLED",
    "authority":  "PRAE",
    "production_mutation":  "NONE",
    "governance_mode":  "LOCKED",
    "result":  "SUCCESS",
    "timestamp_utc":  "2026-05-24T14:52:32.0333635Z",
    "event":  "PRAE_RUNTIME_ROUTE_VALIDATION"
}
{
    "auto_repair":  "DISABLED",
    "authority":  "PRAE",
    "production_mutation":  "NONE",
    "governance_mode":  "LOCKED",
    "result":  "SUCCESS",
    "timestamp_utc":  "2026-05-24T15:02:28.7242887Z",
    "integrity_results":  [
                              {
                                  "file":  "D:\\BossMind\\bossmind-shared\\prae\\runtime-ledger\\prae-runtime-ledger.json",
                                  "exists":  true,
                                  "integrity":  "VALID"
                              },
                              {
                                  "file":  "D:\\BossMind\\bossmind-shared\\prae\\checksums\\prae-checksum-registry.json",
                                  "exists":  true,
                                  "integrity":  "VALID"
                              },
                              {
                                  "file":  "D:\\BossMind\\bossmind-shared\\prae\\deployment-validation\\prae-deployment-authority.json",
                                  "exists":  true,
                                  "integrity":  "VALID"
                              },
                              {
                                  "file":  "D:\\BossMind\\bossmind-shared\\prae\\drift-detection\\prae-drift-authority.json",
                                  "exists":  true,
                                  "integrity":  "VALID"
                              },
                              {
                                  "file":  "D:\\BossMind\\bossmind-shared\\prae\\repair-simulation\\prae-repair-authority.json",
                                  "exists":  true,
                                  "integrity":  "VALID"
                              },
                              {
                                  "file":  "D:\\BossMind\\bossmind-shared\\prae\\authority\\prae-runtime-validation.json",
                                  "exists":  true,
                                  "integrity":  "VALID"
                              }
                          ],
    "event":  "PRAE_INTEGRITY_MONITOR"
}
{
    "auto_repair":  "DISABLED",
    "authority":  "PRAE",
    "production_mutation":  "NONE",
    "governance_mode":  "LOCKED",
    "result":  "SUCCESS",
    "timestamp_utc":  "2026-05-24T15:41:58.3244933Z",
    "integrity_results":  [
                              {
                                  "file":  "D:\\BossMind\\bossmind-shared\\prae\\runtime-ledger\\prae-runtime-ledger.json",
                                  "exists":  true,
                                  "integrity":  "VALID"
                              },
                              {
                                  "file":  "D:\\BossMind\\bossmind-shared\\prae\\checksums\\prae-checksum-registry.json",
                                  "exists":  true,
                                  "integrity":  "VALID"
                              },
                              {
                                  "file":  "D:\\BossMind\\bossmind-shared\\prae\\deployment-validation\\prae-deployment-authority.json",
                                  "exists":  true,
                                  "integrity":  "VALID"
                              },
                              {
                                  "file":  "D:\\BossMind\\bossmind-shared\\prae\\drift-detection\\prae-drift-authority.json",
                                  "exists":  true,
                                  "integrity":  "VALID"
                              },
                              {
                                  "file":  "D:\\BossMind\\bossmind-shared\\prae\\repair-simulation\\prae-repair-authority.json",
                                  "exists":  true,
                                  "integrity":  "VALID"
                              },
                              {
                                  "file":  "D:\\BossMind\\bossmind-shared\\prae\\authority\\prae-runtime-validation.json",
                                  "exists":  true,
                                  "integrity":  "VALID"
                              }
                          ],
    "event":  "PRAE_INTEGRITY_MONITOR"
}
{
    "routes":  [
                   {
                       "name":  "resumora-production-health",
                       "url":  "https://www.resumora.net/api/health",
                       "expected_status":  200,
                       "actual_status":  200,
                       "passed":  true
                   },
                   {
                       "name":  "resumora-orchestration-protected",
                       "url":  "https://www.resumora.net/api/orchestration/bossmind-health",
                       "expected_status":  401,
                       "actual_status":  401,
                       "passed":  true
                   }
               ],
    "auto_repair":  "DISABLED",
    "authority":  "PRAE",
    "production_mutation":  "NONE",
    "governance_mode":  "LOCKED",
    "result":  "SUCCESS",
    "timestamp_utc":  "2026-05-24T15:41:59.7226934Z",
    "event":  "PRAE_RUNTIME_ROUTE_VALIDATION"
}
{
    "auto_repair":  "DISABLED",
    "authority":  "PRAE",
    "production_mutation":  "NONE",
    "governance_mode":  "LOCKED",
    "result":  "SUCCESS",
    "timestamp_utc":  "2026-05-24T15:47:28.6483539Z",
    "integrity_results":  [
                              {
                                  "file":  "D:\\BossMind\\bossmind-shared\\prae\\runtime-ledger\\prae-runtime-ledger.json",
                                  "exists":  true,
                                  "integrity":  "VALID"
                              },
                              {
                                  "file":  "D:\\BossMind\\bossmind-shared\\prae\\checksums\\prae-checksum-registry.json",
                                  "exists":  true,
                                  "integrity":  "VALID"
                              },
                              {
                                  "file":  "D:\\BossMind\\bossmind-shared\\prae\\deployment-validation\\prae-deployment-authority.json",
                                  "exists":  true,
                                  "integrity":  "VALID"
                              },
                              {
                                  "file":  "D:\\BossMind\\bossmind-shared\\prae\\drift-detection\\prae-drift-authority.json",
                                  "exists":  true,
                                  "integrity":  "VALID"
                              },
                              {
                                  "file":  "D:\\BossMind\\bossmind-shared\\prae\\repair-simulation\\prae-repair-authority.json",
                                  "exists":  true,
                                  "integrity":  "VALID"
                              },
                              {
                                  "file":  "D:\\BossMind\\bossmind-shared\\prae\\authority\\prae-runtime-validation.json",
                                  "exists":  true,
                                  "integrity":  "VALID"
                              }
                          ],
    "event":  "PRAE_INTEGRITY_MONITOR"
}
{
    "routes":  [
                   {
                       "name":  "resumora-production-health",
                       "url":  "https://www.resumora.net/api/health",
                       "expected_status":  200,
                       "actual_status":  200,
                       "passed":  true
                   },
                   {
                       "name":  "resumora-orchestration-protected",
                       "url":  "https://www.resumora.net/api/orchestration/bossmind-health",
                       "expected_status":  401,
                       "actual_status":  401,
                       "passed":  true
                   }
               ],
    "auto_repair":  "DISABLED",
    "authority":  "PRAE",
    "production_mutation":  "NONE",
    "governance_mode":  "LOCKED",
    "result":  "SUCCESS",
    "timestamp_utc":  "2026-05-24T15:52:31.9955501Z",
    "event":  "PRAE_RUNTIME_ROUTE_VALIDATION"
}
{
    "auto_repair":  "DISABLED",
    "authority":  "PRAE",
    "production_mutation":  "NONE",
    "governance_mode":  "LOCKED",
    "result":  "SUCCESS",
    "timestamp_utc":  "2026-05-24T16:02:28.5939535Z",
    "integrity_results":  [
                              {
                                  "file":  "D:\\BossMind\\bossmind-shared\\prae\\runtime-ledger\\prae-runtime-ledger.json",
                                  "exists":  true,
                                  "integrity":  "VALID"
                              },
                              {
                                  "file":  "D:\\BossMind\\bossmind-shared\\prae\\checksums\\prae-checksum-registry.json",
                                  "exists":  true,
                                  "integrity":  "VALID"
                              },
                              {
                                  "file":  "D:\\BossMind\\bossmind-shared\\prae\\deployment-validation\\prae-deployment-authority.json",
                                  "exists":  true,
                                  "integrity":  "VALID"
                              },
                              {
                                  "file":  "D:\\BossMind\\bossmind-shared\\prae\\drift-detection\\prae-drift-authority.json",
                                  "exists":  true,
                                  "integrity":  "VALID"
                              },
                              {
                                  "file":  "D:\\BossMind\\bossmind-shared\\prae\\repair-simulation\\prae-repair-authority.json",
                                  "exists":  true,
                                  "integrity":  "VALID"
                              },
                              {
                                  "file":  "D:\\BossMind\\bossmind-shared\\prae\\authority\\prae-runtime-validation.json",
                                  "exists":  true,
                                  "integrity":  "VALID"
                              }
                          ],
    "event":  "PRAE_INTEGRITY_MONITOR"
}
{
    "routes":  [
                   {
                       "name":  "resumora-production-health",
                       "url":  "https://www.resumora.net/api/health",
                       "expected_status":  200,
                       "actual_status":  200,
                       "passed":  true
                   },
                   {
                       "name":  "resumora-orchestration-protected",
                       "url":  "https://www.resumora.net/api/orchestration/bossmind-health",
                       "expected_status":  401,
                       "actual_status":  401,
                       "passed":  true
                   }
               ],
    "auto_repair":  "DISABLED",
    "authority":  "PRAE",
    "production_mutation":  "NONE",
    "governance_mode":  "LOCKED",
    "result":  "SUCCESS",
    "timestamp_utc":  "2026-05-24T16:07:31.8714004Z",
    "event":  "PRAE_RUNTIME_ROUTE_VALIDATION"
}
{
    "auto_repair":  "DISABLED",
    "authority":  "PRAE",
    "production_mutation":  "NONE",
    "governance_mode":  "LOCKED",
    "result":  "SUCCESS",
    "timestamp_utc":  "2026-05-24T16:17:28.7717117Z",
    "integrity_results":  [
                              {
                                  "file":  "D:\\BossMind\\bossmind-shared\\prae\\runtime-ledger\\prae-runtime-ledger.json",
                                  "exists":  true,
                                  "integrity":  "VALID"
                              },
                              {
                                  "file":  "D:\\BossMind\\bossmind-shared\\prae\\checksums\\prae-checksum-registry.json",
                                  "exists":  true,
                                  "integrity":  "VALID"
                              },
                              {
                                  "file":  "D:\\BossMind\\bossmind-shared\\prae\\deployment-validation\\prae-deployment-authority.json",
                                  "exists":  true,
                                  "integrity":  "VALID"
                              },
                              {
                                  "file":  "D:\\BossMind\\bossmind-shared\\prae\\drift-detection\\prae-drift-authority.json",
                                  "exists":  true,
                                  "integrity":  "VALID"
                              },
                              {
                                  "file":  "D:\\BossMind\\bossmind-shared\\prae\\repair-simulation\\prae-repair-authority.json",
                                  "exists":  true,
                                  "integrity":  "VALID"
                              },
                              {
                                  "file":  "D:\\BossMind\\bossmind-shared\\prae\\authority\\prae-runtime-validation.json",
                                  "exists":  true,
                                  "integrity":  "VALID"
                              }
                          ],
    "event":  "PRAE_INTEGRITY_MONITOR"
}
{
    "routes":  [
                   {
                       "name":  "resumora-production-health",
                       "url":  "https://www.resumora.net/api/health",
                       "expected_status":  200,
                       "actual_status":  200,
                       "passed":  true
                   },
                   {
                       "name":  "resumora-orchestration-protected",
                       "url":  "https://www.resumora.net/api/orchestration/bossmind-health",
                       "expected_status":  401,
                       "actual_status":  401,
                       "passed":  true
                   }
               ],
    "auto_repair":  "DISABLED",
    "authority":  "PRAE",
    "production_mutation":  "NONE",
    "governance_mode":  "LOCKED",
    "result":  "SUCCESS",
    "timestamp_utc":  "2026-05-24T16:22:31.8151138Z",
    "event":  "PRAE_RUNTIME_ROUTE_VALIDATION"
}
{
    "auto_repair":  "DISABLED",
    "authority":  "PRAE",
    "production_mutation":  "NONE",
    "governance_mode":  "LOCKED",
    "result":  "SUCCESS",
    "timestamp_utc":  "2026-05-24T16:32:28.6643776Z",
    "integrity_results":  [
                              {
                                  "file":  "D:\\BossMind\\bossmind-shared\\prae\\runtime-ledger\\prae-runtime-ledger.json",
                                  "exists":  true,
                                  "integrity":  "VALID"
                              },
                              {
                                  "file":  "D:\\BossMind\\bossmind-shared\\prae\\checksums\\prae-checksum-registry.json",
                                  "exists":  true,
                                  "integrity":  "VALID"
                              },
                              {
                                  "file":  "D:\\BossMind\\bossmind-shared\\prae\\deployment-validation\\prae-deployment-authority.json",
                                  "exists":  true,
                                  "integrity":  "VALID"
                              },
                              {
                                  "file":  "D:\\BossMind\\bossmind-shared\\prae\\drift-detection\\prae-drift-authority.json",
                                  "exists":  true,
                                  "integrity":  "VALID"
                              },
                              {
                                  "file":  "D:\\BossMind\\bossmind-shared\\prae\\repair-simulation\\prae-repair-authority.json",
                                  "exists":  true,
                                  "integrity":  "VALID"
                              },
                              {
                                  "file":  "D:\\BossMind\\bossmind-shared\\prae\\authority\\prae-runtime-validation.json",
                                  "exists":  true,
                                  "integrity":  "VALID"
                              }
                          ],
    "event":  "PRAE_INTEGRITY_MONITOR"
}
{
    "routes":  [
                   {
                       "name":  "resumora-production-health",
                       "url":  "https://www.resumora.net/api/health",
                       "expected_status":  200,
                       "actual_status":  200,
                       "passed":  true
                   },
                   {
                       "name":  "resumora-orchestration-protected",
                       "url":  "https://www.resumora.net/api/orchestration/bossmind-health",
                       "expected_status":  401,
                       "actual_status":  401,
                       "passed":  true
                   }
               ],
    "auto_repair":  "DISABLED",
    "authority":  "PRAE",
    "production_mutation":  "NONE",
    "governance_mode":  "LOCKED",
    "result":  "SUCCESS",
    "timestamp_utc":  "2026-05-24T16:37:31.7876739Z",
    "event":  "PRAE_RUNTIME_ROUTE_VALIDATION"
}
{
    "auto_repair":  "DISABLED",
    "authority":  "PRAE",
    "production_mutation":  "NONE",
    "governance_mode":  "LOCKED",
    "result":  "SUCCESS",
    "timestamp_utc":  "2026-05-24T16:47:28.7052730Z",
    "integrity_results":  [
                              {
                                  "file":  "D:\\BossMind\\bossmind-shared\\prae\\runtime-ledger\\prae-runtime-ledger.json",
                                  "exists":  true,
                                  "integrity":  "VALID"
                              },
                              {
                                  "file":  "D:\\BossMind\\bossmind-shared\\prae\\checksums\\prae-checksum-registry.json",
                                  "exists":  true,
                                  "integrity":  "VALID"
                              },
                              {
                                  "file":  "D:\\BossMind\\bossmind-shared\\prae\\deployment-validation\\prae-deployment-authority.json",
                                  "exists":  true,
                                  "integrity":  "VALID"
                              },
                              {
                                  "file":  "D:\\BossMind\\bossmind-shared\\prae\\drift-detection\\prae-drift-authority.json",
                                  "exists":  true,
                                  "integrity":  "VALID"
                              },
                              {
                                  "file":  "D:\\BossMind\\bossmind-shared\\prae\\repair-simulation\\prae-repair-authority.json",
                                  "exists":  true,
                                  "integrity":  "VALID"
                              },
                              {
                                  "file":  "D:\\BossMind\\bossmind-shared\\prae\\authority\\prae-runtime-validation.json",
                                  "exists":  true,
                                  "integrity":  "VALID"
                              }
                          ],
    "event":  "PRAE_INTEGRITY_MONITOR"
}
{
    "routes":  [
                   {
                       "name":  "resumora-production-health",
                       "url":  "https://www.resumora.net/api/health",
                       "expected_status":  200,
                       "actual_status":  200,
                       "passed":  true
                   },
                   {
                       "name":  "resumora-orchestration-protected",
                       "url":  "https://www.resumora.net/api/orchestration/bossmind-health",
                       "expected_status":  401,
                       "actual_status":  401,
                       "passed":  true
                   }
               ],
    "auto_repair":  "DISABLED",
    "authority":  "PRAE",
    "production_mutation":  "NONE",
    "governance_mode":  "LOCKED",
    "result":  "SUCCESS",
    "timestamp_utc":  "2026-05-24T16:52:32.1487343Z",
    "event":  "PRAE_RUNTIME_ROUTE_VALIDATION"
}
{
    "auto_repair":  "DISABLED",
    "authority":  "PRAE",
    "production_mutation":  "NONE",
    "governance_mode":  "LOCKED",
    "result":  "SUCCESS",
    "timestamp_utc":  "2026-05-24T17:02:28.6420141Z",
    "integrity_results":  [
                              {
                                  "file":  "D:\\BossMind\\bossmind-shared\\prae\\runtime-ledger\\prae-runtime-ledger.json",
                                  "exists":  true,
                                  "integrity":  "VALID"
                              },
                              {
                                  "file":  "D:\\BossMind\\bossmind-shared\\prae\\checksums\\prae-checksum-registry.json",
                                  "exists":  true,
                                  "integrity":  "VALID"
                              },
                              {
                                  "file":  "D:\\BossMind\\bossmind-shared\\prae\\deployment-validation\\prae-deployment-authority.json",
                                  "exists":  true,
                                  "integrity":  "VALID"
                              },
                              {
                                  "file":  "D:\\BossMind\\bossmind-shared\\prae\\drift-detection\\prae-drift-authority.json",
                                  "exists":  true,
                                  "integrity":  "VALID"
                              },
                              {
                                  "file":  "D:\\BossMind\\bossmind-shared\\prae\\repair-simulation\\prae-repair-authority.json",
                                  "exists":  true,
                                  "integrity":  "VALID"
                              },
                              {
                                  "file":  "D:\\BossMind\\bossmind-shared\\prae\\authority\\prae-runtime-validation.json",
                                  "exists":  true,
                                  "integrity":  "VALID"
                              }
                          ],
    "event":  "PRAE_INTEGRITY_MONITOR"
}
{
    "routes":  [
                   {
                       "name":  "resumora-production-health",
                       "url":  "https://www.resumora.net/api/health",
                       "expected_status":  200,
                       "actual_status":  200,
                       "passed":  true
                   },
                   {
                       "name":  "resumora-orchestration-protected",
                       "url":  "https://www.resumora.net/api/orchestration/bossmind-health",
                       "expected_status":  401,
                       "actual_status":  401,
                       "passed":  true
                   }
               ],
    "auto_repair":  "DISABLED",
    "authority":  "PRAE",
    "production_mutation":  "NONE",
    "governance_mode":  "LOCKED",
    "result":  "SUCCESS",
    "timestamp_utc":  "2026-05-24T17:07:32.0230290Z",
    "event":  "PRAE_RUNTIME_ROUTE_VALIDATION"
}
{
    "auto_repair":  "DISABLED",
    "authority":  "PRAE",
    "production_mutation":  "NONE",
    "governance_mode":  "LOCKED",
    "result":  "SUCCESS",
    "timestamp_utc":  "2026-05-24T17:17:28.7237465Z",
    "integrity_results":  [
                              {
                                  "file":  "D:\\BossMind\\bossmind-shared\\prae\\runtime-ledger\\prae-runtime-ledger.json",
                                  "exists":  true,
                                  "integrity":  "VALID"
                              },
                              {
                                  "file":  "D:\\BossMind\\bossmind-shared\\prae\\checksums\\prae-checksum-registry.json",
                                  "exists":  true,
                                  "integrity":  "VALID"
                              },
                              {
                                  "file":  "D:\\BossMind\\bossmind-shared\\prae\\deployment-validation\\prae-deployment-authority.json",
                                  "exists":  true,
                                  "integrity":  "VALID"
                              },
                              {
                                  "file":  "D:\\BossMind\\bossmind-shared\\prae\\drift-detection\\prae-drift-authority.json",
                                  "exists":  true,
                                  "integrity":  "VALID"
                              },
                              {
                                  "file":  "D:\\BossMind\\bossmind-shared\\prae\\repair-simulation\\prae-repair-authority.json",
                                  "exists":  true,
                                  "integrity":  "VALID"
                              },
                              {
                                  "file":  "D:\\BossMind\\bossmind-shared\\prae\\authority\\prae-runtime-validation.json",
                                  "exists":  true,
                                  "integrity":  "VALID"
                              }
                          ],
    "event":  "PRAE_INTEGRITY_MONITOR"
}
{
    "routes":  [
                   {
                       "name":  "resumora-production-health",
                       "url":  "https://www.resumora.net/api/health",
                       "expected_status":  200,
                       "actual_status":  200,
                       "passed":  true
                   },
                   {
                       "name":  "resumora-orchestration-protected",
                       "url":  "https://www.resumora.net/api/orchestration/bossmind-health",
                       "expected_status":  401,
                       "actual_status":  401,
                       "passed":  true
                   }
               ],
    "auto_repair":  "DISABLED",
    "authority":  "PRAE",
    "production_mutation":  "NONE",
    "governance_mode":  "LOCKED",
    "result":  "SUCCESS",
    "timestamp_utc":  "2026-05-24T17:22:31.5821656Z",
    "event":  "PRAE_RUNTIME_ROUTE_VALIDATION"
}
{
    "auto_repair":  "DISABLED",
    "authority":  "PRAE",
    "production_mutation":  "NONE",
    "governance_mode":  "LOCKED",
    "result":  "SUCCESS",
    "timestamp_utc":  "2026-05-24T17:32:28.8553846Z",
    "integrity_results":  [
                              {
                                  "file":  "D:\\BossMind\\bossmind-shared\\prae\\runtime-ledger\\prae-runtime-ledger.json",
                                  "exists":  true,
                                  "integrity":  "VALID"
                              },
                              {
                                  "file":  "D:\\BossMind\\bossmind-shared\\prae\\checksums\\prae-checksum-registry.json",
                                  "exists":  true,
                                  "integrity":  "VALID"
                              },
                              {
                                  "file":  "D:\\BossMind\\bossmind-shared\\prae\\deployment-validation\\prae-deployment-authority.json",
                                  "exists":  true,
                                  "integrity":  "VALID"
                              },
                              {
                                  "file":  "D:\\BossMind\\bossmind-shared\\prae\\drift-detection\\prae-drift-authority.json",
                                  "exists":  true,
                                  "integrity":  "VALID"
                              },
                              {
                                  "file":  "D:\\BossMind\\bossmind-shared\\prae\\repair-simulation\\prae-repair-authority.json",
                                  "exists":  true,
                                  "integrity":  "VALID"
                              },
                              {
                                  "file":  "D:\\BossMind\\bossmind-shared\\prae\\authority\\prae-runtime-validation.json",
                                  "exists":  true,
                                  "integrity":  "VALID"
                              }
                          ],
    "event":  "PRAE_INTEGRITY_MONITOR"
}
{
    "routes":  [
                   {
                       "name":  "resumora-production-health",
                       "url":  "https://www.resumora.net/api/health",
                       "expected_status":  200,
                       "actual_status":  200,
                       "passed":  true
                   },
                   {
                       "name":  "resumora-orchestration-protected",
                       "url":  "https://www.resumora.net/api/orchestration/bossmind-health",
                       "expected_status":  401,
                       "actual_status":  401,
                       "passed":  true
                   }
               ],
    "auto_repair":  "DISABLED",
    "authority":  "PRAE",
    "production_mutation":  "NONE",
    "governance_mode":  "LOCKED",
    "result":  "SUCCESS",
    "timestamp_utc":  "2026-05-24T17:37:32.3436773Z",
    "event":  "PRAE_RUNTIME_ROUTE_VALIDATION"
}
{
    "auto_repair":  "DISABLED",
    "authority":  "PRAE",
    "production_mutation":  "NONE",
    "governance_mode":  "LOCKED",
    "result":  "SUCCESS",
    "timestamp_utc":  "2026-05-24T17:47:28.7462769Z",
    "integrity_results":  [
                              {
                                  "file":  "D:\\BossMind\\bossmind-shared\\prae\\runtime-ledger\\prae-runtime-ledger.json",
                                  "exists":  true,
                                  "integrity":  "VALID"
                              },
                              {
                                  "file":  "D:\\BossMind\\bossmind-shared\\prae\\checksums\\prae-checksum-registry.json",
                                  "exists":  true,
                                  "integrity":  "VALID"
                              },
                              {
                                  "file":  "D:\\BossMind\\bossmind-shared\\prae\\deployment-validation\\prae-deployment-authority.json",
                                  "exists":  true,
                                  "integrity":  "VALID"
                              },
                              {
                                  "file":  "D:\\BossMind\\bossmind-shared\\prae\\drift-detection\\prae-drift-authority.json",
                                  "exists":  true,
                                  "integrity":  "VALID"
                              },
                              {
                                  "file":  "D:\\BossMind\\bossmind-shared\\prae\\repair-simulation\\prae-repair-authority.json",
                                  "exists":  true,
                                  "integrity":  "VALID"
                              },
                              {
                                  "file":  "D:\\BossMind\\bossmind-shared\\prae\\authority\\prae-runtime-validation.json",
                                  "exists":  true,
                                  "integrity":  "VALID"
                              }
                          ],
    "event":  "PRAE_INTEGRITY_MONITOR"
}
{
    "routes":  [
                   {
                       "name":  "resumora-production-health",
                       "url":  "https://www.resumora.net/api/health",
                       "expected_status":  200,
                       "actual_status":  200,
                       "passed":  true
                   },
                   {
                       "name":  "resumora-orchestration-protected",
                       "url":  "https://www.resumora.net/api/orchestration/bossmind-health",
                       "expected_status":  401,
                       "actual_status":  401,
                       "passed":  true
                   }
               ],
    "auto_repair":  "DISABLED",
    "authority":  "PRAE",
    "production_mutation":  "NONE",
    "governance_mode":  "LOCKED",
    "result":  "SUCCESS",
    "timestamp_utc":  "2026-05-24T17:52:31.8252263Z",
    "event":  "PRAE_RUNTIME_ROUTE_VALIDATION"
}
{
    "auto_repair":  "DISABLED",
    "authority":  "PRAE",
    "production_mutation":  "NONE",
    "governance_mode":  "LOCKED",
    "result":  "SUCCESS",
    "timestamp_utc":  "2026-05-24T18:02:28.7345894Z",
    "integrity_results":  [
                              {
                                  "file":  "D:\\BossMind\\bossmind-shared\\prae\\runtime-ledger\\prae-runtime-ledger.json",
                                  "exists":  true,
                                  "integrity":  "VALID"
                              },
                              {
                                  "file":  "D:\\BossMind\\bossmind-shared\\prae\\checksums\\prae-checksum-registry.json",
                                  "exists":  true,
                                  "integrity":  "VALID"
                              },
                              {
                                  "file":  "D:\\BossMind\\bossmind-shared\\prae\\deployment-validation\\prae-deployment-authority.json",
                                  "exists":  true,
                                  "integrity":  "VALID"
                              },
                              {
                                  "file":  "D:\\BossMind\\bossmind-shared\\prae\\drift-detection\\prae-drift-authority.json",
                                  "exists":  true,
                                  "integrity":  "VALID"
                              },
                              {
                                  "file":  "D:\\BossMind\\bossmind-shared\\prae\\repair-simulation\\prae-repair-authority.json",
                                  "exists":  true,
                                  "integrity":  "VALID"
                              },
                              {
                                  "file":  "D:\\BossMind\\bossmind-shared\\prae\\authority\\prae-runtime-validation.json",
                                  "exists":  true,
                                  "integrity":  "VALID"
                              }
                          ],
    "event":  "PRAE_INTEGRITY_MONITOR"
}
{
    "routes":  [
                   {
                       "name":  "resumora-production-health",
                       "url":  "https://www.resumora.net/api/health",
                       "expected_status":  200,
                       "actual_status":  200,
                       "passed":  true
                   },
                   {
                       "name":  "resumora-orchestration-protected",
                       "url":  "https://www.resumora.net/api/orchestration/bossmind-health",
                       "expected_status":  401,
                       "actual_status":  401,
                       "passed":  true
                   }
               ],
    "auto_repair":  "DISABLED",
    "authority":  "PRAE",
    "production_mutation":  "NONE",
    "governance_mode":  "LOCKED",
    "result":  "SUCCESS",
    "timestamp_utc":  "2026-05-24T18:07:31.6200906Z",
    "event":  "PRAE_RUNTIME_ROUTE_VALIDATION"
}
{
    "auto_repair":  "DISABLED",
    "authority":  "PRAE",
    "production_mutation":  "NONE",
    "governance_mode":  "LOCKED",
    "result":  "SUCCESS",
    "timestamp_utc":  "2026-05-24T18:17:28.6663443Z",
    "integrity_results":  [
                              {
                                  "file":  "D:\\BossMind\\bossmind-shared\\prae\\runtime-ledger\\prae-runtime-ledger.json",
                                  "exists":  true,
                                  "integrity":  "VALID"
                              },
                              {
                                  "file":  "D:\\BossMind\\bossmind-shared\\prae\\checksums\\prae-checksum-registry.json",
                                  "exists":  true,
                                  "integrity":  "VALID"
                              },
                              {
                                  "file":  "D:\\BossMind\\bossmind-shared\\prae\\deployment-validation\\prae-deployment-authority.json",
                                  "exists":  true,
                                  "integrity":  "VALID"
                              },
                              {
                                  "file":  "D:\\BossMind\\bossmind-shared\\prae\\drift-detection\\prae-drift-authority.json",
                                  "exists":  true,
                                  "integrity":  "VALID"
                              },
                              {
                                  "file":  "D:\\BossMind\\bossmind-shared\\prae\\repair-simulation\\prae-repair-authority.json",
                                  "exists":  true,
                                  "integrity":  "VALID"
                              },
                              {
                                  "file":  "D:\\BossMind\\bossmind-shared\\prae\\authority\\prae-runtime-validation.json",
                                  "exists":  true,
                                  "integrity":  "VALID"
                              }
                          ],
    "event":  "PRAE_INTEGRITY_MONITOR"
}
{
    "routes":  [
                   {
                       "name":  "resumora-production-health",
                       "url":  "https://www.resumora.net/api/health",
                       "expected_status":  200,
                       "actual_status":  200,
                       "passed":  true
                   },
                   {
                       "name":  "resumora-orchestration-protected",
                       "url":  "https://www.resumora.net/api/orchestration/bossmind-health",
                       "expected_status":  401,
                       "actual_status":  401,
                       "passed":  true
                   }
               ],
    "auto_repair":  "DISABLED",
    "authority":  "PRAE",
    "production_mutation":  "NONE",
    "governance_mode":  "LOCKED",
    "result":  "SUCCESS",
    "timestamp_utc":  "2026-05-24T18:22:31.8321253Z",
    "event":  "PRAE_RUNTIME_ROUTE_VALIDATION"
}
{
    "auto_repair":  "DISABLED",
    "authority":  "PRAE",
    "production_mutation":  "NONE",
    "governance_mode":  "LOCKED",
    "result":  "SUCCESS",
    "timestamp_utc":  "2026-05-24T18:32:28.7721075Z",
    "integrity_results":  [
                              {
                                  "file":  "D:\\BossMind\\bossmind-shared\\prae\\runtime-ledger\\prae-runtime-ledger.json",
                                  "exists":  true,
                                  "integrity":  "VALID"
                              },
                              {
                                  "file":  "D:\\BossMind\\bossmind-shared\\prae\\checksums\\prae-checksum-registry.json",
                                  "exists":  true,
                                  "integrity":  "VALID"
                              },
                              {
                                  "file":  "D:\\BossMind\\bossmind-shared\\prae\\deployment-validation\\prae-deployment-authority.json",
                                  "exists":  true,
                                  "integrity":  "VALID"
                              },
                              {
                                  "file":  "D:\\BossMind\\bossmind-shared\\prae\\drift-detection\\prae-drift-authority.json",
                                  "exists":  true,
                                  "integrity":  "VALID"
                              },
                              {
                                  "file":  "D:\\BossMind\\bossmind-shared\\prae\\repair-simulation\\prae-repair-authority.json",
                                  "exists":  true,
                                  "integrity":  "VALID"
                              },
                              {
                                  "file":  "D:\\BossMind\\bossmind-shared\\prae\\authority\\prae-runtime-validation.json",
                                  "exists":  true,
                                  "integrity":  "VALID"
                              }
                          ],
    "event":  "PRAE_INTEGRITY_MONITOR"
}
{
    "routes":  [
                   {
                       "name":  "resumora-production-health",
                       "url":  "https://www.resumora.net/api/health",
                       "expected_status":  200,
                       "actual_status":  200,
                       "passed":  true
                   },
                   {
                       "name":  "resumora-orchestration-protected",
                       "url":  "https://www.resumora.net/api/orchestration/bossmind-health",
                       "expected_status":  401,
                       "actual_status":  401,
                       "passed":  true
                   }
               ],
    "auto_repair":  "DISABLED",
    "authority":  "PRAE",
    "production_mutation":  "NONE",
    "governance_mode":  "LOCKED",
    "result":  "SUCCESS",
    "timestamp_utc":  "2026-05-24T18:37:32.0598802Z",
    "event":  "PRAE_RUNTIME_ROUTE_VALIDATION"
}
{
    "auto_repair":  "DISABLED",
    "authority":  "PRAE",
    "production_mutation":  "NONE",
    "governance_mode":  "LOCKED",
    "result":  "SUCCESS",
    "timestamp_utc":  "2026-05-24T18:47:28.8778035Z",
    "integrity_results":  [
                              {
                                  "file":  "D:\\BossMind\\bossmind-shared\\prae\\runtime-ledger\\prae-runtime-ledger.json",
                                  "exists":  true,
                                  "integrity":  "VALID"
                              },
                              {
                                  "file":  "D:\\BossMind\\bossmind-shared\\prae\\checksums\\prae-checksum-registry.json",
                                  "exists":  true,
                                  "integrity":  "VALID"
                              },
                              {
                                  "file":  "D:\\BossMind\\bossmind-shared\\prae\\deployment-validation\\prae-deployment-authority.json",
                                  "exists":  true,
                                  "integrity":  "VALID"
                              },
                              {
                                  "file":  "D:\\BossMind\\bossmind-shared\\prae\\drift-detection\\prae-drift-authority.json",
                                  "exists":  true,
                                  "integrity":  "VALID"
                              },
                              {
                                  "file":  "D:\\BossMind\\bossmind-shared\\prae\\repair-simulation\\prae-repair-authority.json",
                                  "exists":  true,
                                  "integrity":  "VALID"
                              },
                              {
                                  "file":  "D:\\BossMind\\bossmind-shared\\prae\\authority\\prae-runtime-validation.json",
                                  "exists":  true,
                                  "integrity":  "VALID"
                              }
                          ],
    "event":  "PRAE_INTEGRITY_MONITOR"
}
{
    "routes":  [
                   {
                       "name":  "resumora-production-health",
                       "url":  "https://www.resumora.net/api/health",
                       "expected_status":  200,
                       "actual_status":  200,
                       "passed":  true
                   },
                   {
                       "name":  "resumora-orchestration-protected",
                       "url":  "https://www.resumora.net/api/orchestration/bossmind-health",
                       "expected_status":  401,
                       "actual_status":  401,
                       "passed":  true
                   }
               ],
    "auto_repair":  "DISABLED",
    "authority":  "PRAE",
    "production_mutation":  "NONE",
    "governance_mode":  "LOCKED",
    "result":  "SUCCESS",
    "timestamp_utc":  "2026-05-24T18:52:31.8742344Z",
    "event":  "PRAE_RUNTIME_ROUTE_VALIDATION"
}
{
    "auto_repair":  "DISABLED",
    "authority":  "PRAE",
    "production_mutation":  "NONE",
    "governance_mode":  "LOCKED",
    "result":  "SUCCESS",
    "timestamp_utc":  "2026-05-24T19:02:28.7364191Z",
    "integrity_results":  [
                              {
                                  "file":  "D:\\BossMind\\bossmind-shared\\prae\\runtime-ledger\\prae-runtime-ledger.json",
                                  "exists":  true,
                                  "integrity":  "VALID"
                              },
                              {
                                  "file":  "D:\\BossMind\\bossmind-shared\\prae\\checksums\\prae-checksum-registry.json",
                                  "exists":  true,
                                  "integrity":  "VALID"
                              },
                              {
                                  "file":  "D:\\BossMind\\bossmind-shared\\prae\\deployment-validation\\prae-deployment-authority.json",
                                  "exists":  true,
                                  "integrity":  "VALID"
                              },
                              {
                                  "file":  "D:\\BossMind\\bossmind-shared\\prae\\drift-detection\\prae-drift-authority.json",
                                  "exists":  true,
                                  "integrity":  "VALID"
                              },
                              {
                                  "file":  "D:\\BossMind\\bossmind-shared\\prae\\repair-simulation\\prae-repair-authority.json",
                                  "exists":  true,
                                  "integrity":  "VALID"
                              },
                              {
                                  "file":  "D:\\BossMind\\bossmind-shared\\prae\\authority\\prae-runtime-validation.json",
                                  "exists":  true,
                                  "integrity":  "VALID"
                              }
                          ],
    "event":  "PRAE_INTEGRITY_MONITOR"
}
{
    "routes":  [
                   {
                       "name":  "resumora-production-health",
                       "url":  "https://www.resumora.net/api/health",
                       "expected_status":  200,
                       "actual_status":  200,
                       "passed":  true
                   },
                   {
                       "name":  "resumora-orchestration-protected",
                       "url":  "https://www.resumora.net/api/orchestration/bossmind-health",
                       "expected_status":  401,
                       "actual_status":  401,
                       "passed":  true
                   }
               ],
    "auto_repair":  "DISABLED",
    "authority":  "PRAE",
    "production_mutation":  "NONE",
    "governance_mode":  "LOCKED",
    "result":  "SUCCESS",
    "timestamp_utc":  "2026-05-24T19:07:31.9501622Z",
    "event":  "PRAE_RUNTIME_ROUTE_VALIDATION"
}
{
    "auto_repair":  "DISABLED",
    "authority":  "PRAE",
    "production_mutation":  "NONE",
    "governance_mode":  "LOCKED",
    "result":  "SUCCESS",
    "timestamp_utc":  "2026-05-24T19:17:28.7606239Z",
    "integrity_results":  [
                              {
                                  "file":  "D:\\BossMind\\bossmind-shared\\prae\\runtime-ledger\\prae-runtime-ledger.json",
                                  "exists":  true,
                                  "integrity":  "VALID"
                              },
                              {
                                  "file":  "D:\\BossMind\\bossmind-shared\\prae\\checksums\\prae-checksum-registry.json",
                                  "exists":  true,
                                  "integrity":  "VALID"
                              },
                              {
                                  "file":  "D:\\BossMind\\bossmind-shared\\prae\\deployment-validation\\prae-deployment-authority.json",
                                  "exists":  true,
                                  "integrity":  "VALID"
                              },
                              {
                                  "file":  "D:\\BossMind\\bossmind-shared\\prae\\drift-detection\\prae-drift-authority.json",
                                  "exists":  true,
                                  "integrity":  "VALID"
                              },
                              {
                                  "file":  "D:\\BossMind\\bossmind-shared\\prae\\repair-simulation\\prae-repair-authority.json",
                                  "exists":  true,
                                  "integrity":  "VALID"
                              },
                              {
                                  "file":  "D:\\BossMind\\bossmind-shared\\prae\\authority\\prae-runtime-validation.json",
                                  "exists":  true,
                                  "integrity":  "VALID"
                              }
                          ],
    "event":  "PRAE_INTEGRITY_MONITOR"
}
{
    "routes":  [
                   {
                       "name":  "resumora-production-health",
                       "url":  "https://www.resumora.net/api/health",
                       "expected_status":  200,
                       "actual_status":  200,
                       "passed":  true
                   },
                   {
                       "name":  "resumora-orchestration-protected",
                       "url":  "https://www.resumora.net/api/orchestration/bossmind-health",
                       "expected_status":  401,
                       "actual_status":  401,
                       "passed":  true
                   }
               ],
    "auto_repair":  "DISABLED",
    "authority":  "PRAE",
    "production_mutation":  "NONE",
    "governance_mode":  "LOCKED",
    "result":  "SUCCESS",
    "timestamp_utc":  "2026-05-24T19:22:31.9463541Z",
    "event":  "PRAE_RUNTIME_ROUTE_VALIDATION"
}
{
    "auto_repair":  "DISABLED",
    "authority":  "PRAE",
    "production_mutation":  "NONE",
    "governance_mode":  "LOCKED",
    "result":  "SUCCESS",
    "timestamp_utc":  "2026-05-24T19:32:28.8068569Z",
    "integrity_results":  [
                              {
                                  "file":  "D:\\BossMind\\bossmind-shared\\prae\\runtime-ledger\\prae-runtime-ledger.json",
                                  "exists":  true,
                                  "integrity":  "VALID"
                              },
                              {
                                  "file":  "D:\\BossMind\\bossmind-shared\\prae\\checksums\\prae-checksum-registry.json",
                                  "exists":  true,
                                  "integrity":  "VALID"
                              },
                              {
                                  "file":  "D:\\BossMind\\bossmind-shared\\prae\\deployment-validation\\prae-deployment-authority.json",
                                  "exists":  true,
                                  "integrity":  "VALID"
                              },
                              {
                                  "file":  "D:\\BossMind\\bossmind-shared\\prae\\drift-detection\\prae-drift-authority.json",
                                  "exists":  true,
                                  "integrity":  "VALID"
                              },
                              {
                                  "file":  "D:\\BossMind\\bossmind-shared\\prae\\repair-simulation\\prae-repair-authority.json",
                                  "exists":  true,
                                  "integrity":  "VALID"
                              },
                              {
                                  "file":  "D:\\BossMind\\bossmind-shared\\prae\\authority\\prae-runtime-validation.json",
                                  "exists":  true,
                                  "integrity":  "VALID"
                              }
                          ],
    "event":  "PRAE_INTEGRITY_MONITOR"
}
{
    "routes":  [
                   {
                       "name":  "resumora-production-health",
                       "url":  "https://www.resumora.net/api/health",
                       "expected_status":  200,
                       "actual_status":  200,
                       "passed":  true
                   },
                   {
                       "name":  "resumora-orchestration-protected",
                       "url":  "https://www.resumora.net/api/orchestration/bossmind-health",
                       "expected_status":  401,
                       "actual_status":  401,
                       "passed":  true
                   }
               ],
    "auto_repair":  "DISABLED",
    "authority":  "PRAE",
    "production_mutation":  "NONE",
    "governance_mode":  "LOCKED",
    "result":  "SUCCESS",
    "timestamp_utc":  "2026-05-24T19:37:31.9099021Z",
    "event":  "PRAE_RUNTIME_ROUTE_VALIDATION"
}
{
    "auto_repair":  "DISABLED",
    "authority":  "PRAE",
    "production_mutation":  "NONE",
    "governance_mode":  "LOCKED",
    "result":  "SUCCESS",
    "timestamp_utc":  "2026-05-24T19:47:28.7935945Z",
    "integrity_results":  [
                              {
                                  "file":  "D:\\BossMind\\bossmind-shared\\prae\\runtime-ledger\\prae-runtime-ledger.json",
                                  "exists":  true,
                                  "integrity":  "VALID"
                              },
                              {
                                  "file":  "D:\\BossMind\\bossmind-shared\\prae\\checksums\\prae-checksum-registry.json",
                                  "exists":  true,
                                  "integrity":  "VALID"
                              },
                              {
                                  "file":  "D:\\BossMind\\bossmind-shared\\prae\\deployment-validation\\prae-deployment-authority.json",
                                  "exists":  true,
                                  "integrity":  "VALID"
                              },
                              {
                                  "file":  "D:\\BossMind\\bossmind-shared\\prae\\drift-detection\\prae-drift-authority.json",
                                  "exists":  true,
                                  "integrity":  "VALID"
                              },
                              {
                                  "file":  "D:\\BossMind\\bossmind-shared\\prae\\repair-simulation\\prae-repair-authority.json",
                                  "exists":  true,
                                  "integrity":  "VALID"
                              },
                              {
                                  "file":  "D:\\BossMind\\bossmind-shared\\prae\\authority\\prae-runtime-validation.json",
                                  "exists":  true,
                                  "integrity":  "VALID"
                              }
                          ],
    "event":  "PRAE_INTEGRITY_MONITOR"
}
{
    "routes":  [
                   {
                       "name":  "resumora-production-health",
                       "url":  "https://www.resumora.net/api/health",
                       "expected_status":  200,
                       "actual_status":  200,
                       "passed":  true
                   },
                   {
                       "name":  "resumora-orchestration-protected",
                       "url":  "https://www.resumora.net/api/orchestration/bossmind-health",
                       "expected_status":  401,
                       "actual_status":  401,
                       "passed":  true
                   }
               ],
    "auto_repair":  "DISABLED",
    "authority":  "PRAE",
    "production_mutation":  "NONE",
    "governance_mode":  "LOCKED",
    "result":  "SUCCESS",
    "timestamp_utc":  "2026-05-24T19:52:31.8626152Z",
    "event":  "PRAE_RUNTIME_ROUTE_VALIDATION"
}
{
    "auto_repair":  "DISABLED",
    "authority":  "PRAE",
    "production_mutation":  "NONE",
    "governance_mode":  "LOCKED",
    "result":  "SUCCESS",
    "timestamp_utc":  "2026-05-24T20:20:27.4286381Z",
    "integrity_results":  [
                              {
                                  "file":  "D:\\BossMind\\bossmind-shared\\prae\\runtime-ledger\\prae-runtime-ledger.json",
                                  "exists":  true,
                                  "integrity":  "VALID"
                              },
                              {
                                  "file":  "D:\\BossMind\\bossmind-shared\\prae\\checksums\\prae-checksum-registry.json",
                                  "exists":  true,
                                  "integrity":  "VALID"
                              },
                              {
                                  "file":  "D:\\BossMind\\bossmind-shared\\prae\\deployment-validation\\prae-deployment-authority.json",
                                  "exists":  true,
                                  "integrity":  "VALID"
                              },
                              {
                                  "file":  "D:\\BossMind\\bossmind-shared\\prae\\drift-detection\\prae-drift-authority.json",
                                  "exists":  true,
                                  "integrity":  "VALID"
                              },
                              {
                                  "file":  "D:\\BossMind\\bossmind-shared\\prae\\repair-simulation\\prae-repair-authority.json",
                                  "exists":  true,
                                  "integrity":  "VALID"
                              },
                              {
                                  "file":  "D:\\BossMind\\bossmind-shared\\prae\\authority\\prae-runtime-validation.json",
                                  "exists":  true,
                                  "integrity":  "VALID"
                              }
                          ],
    "event":  "PRAE_INTEGRITY_MONITOR"
}
{
    "routes":  [
                   {
                       "name":  "resumora-production-health",
                       "url":  "https://www.resumora.net/api/health",
                       "expected_status":  200,
                       "actual_status":  200,
                       "passed":  true
                   },
                   {
                       "name":  "resumora-orchestration-protected",
                       "url":  "https://www.resumora.net/api/orchestration/bossmind-health",
                       "expected_status":  401,
                       "actual_status":  401,
                       "passed":  true
                   }
               ],
    "auto_repair":  "DISABLED",
    "authority":  "PRAE",
    "production_mutation":  "NONE",
    "governance_mode":  "LOCKED",
    "result":  "SUCCESS",
    "timestamp_utc":  "2026-05-24T20:20:28.6504867Z",
    "event":  "PRAE_RUNTIME_ROUTE_VALIDATION"
}
{
    "routes":  [
                   {
                       "name":  "resumora-production-health",
                       "url":  "https://www.resumora.net/api/health",
                       "expected_status":  200,
                       "actual_status":  200,
                       "passed":  true
                   },
                   {
                       "name":  "resumora-orchestration-protected",
                       "url":  "https://www.resumora.net/api/orchestration/bossmind-health",
                       "expected_status":  401,
                       "actual_status":  401,
                       "passed":  true
                   }
               ],
    "auto_repair":  "DISABLED",
    "authority":  "PRAE",
    "production_mutation":  "NONE",
    "governance_mode":  "LOCKED",
    "result":  "SUCCESS",
    "timestamp_utc":  "2026-05-24T20:22:31.5647397Z",
    "event":  "PRAE_RUNTIME_ROUTE_VALIDATION"
}
{
    "auto_repair":  "DISABLED",
    "authority":  "PRAE",
    "production_mutation":  "NONE",
    "governance_mode":  "LOCKED",
    "result":  "SUCCESS",
    "timestamp_utc":  "2026-05-24T20:32:28.7145973Z",
    "integrity_results":  [
                              {
                                  "file":  "D:\\BossMind\\bossmind-shared\\prae\\runtime-ledger\\prae-runtime-ledger.json",
                                  "exists":  true,
                                  "integrity":  "VALID"
                              },
                              {
                                  "file":  "D:\\BossMind\\bossmind-shared\\prae\\checksums\\prae-checksum-registry.json",
                                  "exists":  true,
                                  "integrity":  "VALID"
                              },
                              {
                                  "file":  "D:\\BossMind\\bossmind-shared\\prae\\deployment-validation\\prae-deployment-authority.json",
                                  "exists":  true,
                                  "integrity":  "VALID"
                              },
                              {
                                  "file":  "D:\\BossMind\\bossmind-shared\\prae\\drift-detection\\prae-drift-authority.json",
                                  "exists":  true,
                                  "integrity":  "VALID"
                              },
                              {
                                  "file":  "D:\\BossMind\\bossmind-shared\\prae\\repair-simulation\\prae-repair-authority.json",
                                  "exists":  true,
                                  "integrity":  "VALID"
                              },
                              {
                                  "file":  "D:\\BossMind\\bossmind-shared\\prae\\authority\\prae-runtime-validation.json",
                                  "exists":  true,
                                  "integrity":  "VALID"
                              }
                          ],
    "event":  "PRAE_INTEGRITY_MONITOR"
}
{
    "routes":  [
                   {
                       "name":  "resumora-production-health",
                       "url":  "https://www.resumora.net/api/health",
                       "expected_status":  200,
                       "actual_status":  200,
                       "passed":  true
                   },
                   {
                       "name":  "resumora-orchestration-protected",
                       "url":  "https://www.resumora.net/api/orchestration/bossmind-health",
                       "expected_status":  401,
                       "actual_status":  401,
                       "passed":  true
                   }
               ],
    "auto_repair":  "DISABLED",
    "authority":  "PRAE",
    "production_mutation":  "NONE",
    "governance_mode":  "LOCKED",
    "result":  "SUCCESS",
    "timestamp_utc":  "2026-05-24T20:37:31.8161568Z",
    "event":  "PRAE_RUNTIME_ROUTE_VALIDATION"
}
{
    "auto_repair":  "DISABLED",
    "authority":  "PRAE",
    "production_mutation":  "NONE",
    "governance_mode":  "LOCKED",
    "result":  "SUCCESS",
    "timestamp_utc":  "2026-05-24T20:47:28.6885805Z",
    "integrity_results":  [
                              {
                                  "file":  "D:\\BossMind\\bossmind-shared\\prae\\runtime-ledger\\prae-runtime-ledger.json",
                                  "exists":  true,
                                  "integrity":  "VALID"
                              },
                              {
                                  "file":  "D:\\BossMind\\bossmind-shared\\prae\\checksums\\prae-checksum-registry.json",
                                  "exists":  true,
                                  "integrity":  "VALID"
                              },
                              {
                                  "file":  "D:\\BossMind\\bossmind-shared\\prae\\deployment-validation\\prae-deployment-authority.json",
                                  "exists":  true,
                                  "integrity":  "VALID"
                              },
                              {
                                  "file":  "D:\\BossMind\\bossmind-shared\\prae\\drift-detection\\prae-drift-authority.json",
                                  "exists":  true,
                                  "integrity":  "VALID"
                              },
                              {
                                  "file":  "D:\\BossMind\\bossmind-shared\\prae\\repair-simulation\\prae-repair-authority.json",
                                  "exists":  true,
                                  "integrity":  "VALID"
                              },
                              {
                                  "file":  "D:\\BossMind\\bossmind-shared\\prae\\authority\\prae-runtime-validation.json",
                                  "exists":  true,
                                  "integrity":  "VALID"
                              }
                          ],
    "event":  "PRAE_INTEGRITY_MONITOR"
}
{
    "routes":  [
                   {
                       "name":  "resumora-production-health",
                       "url":  "https://www.resumora.net/api/health",
                       "expected_status":  200,
                       "actual_status":  200,
                       "passed":  true
                   },
                   {
                       "name":  "resumora-orchestration-protected",
                       "url":  "https://www.resumora.net/api/orchestration/bossmind-health",
                       "expected_status":  401,
                       "actual_status":  401,
                       "passed":  true
                   }
               ],
    "auto_repair":  "DISABLED",
    "authority":  "PRAE",
    "production_mutation":  "NONE",
    "governance_mode":  "LOCKED",
    "result":  "SUCCESS",
    "timestamp_utc":  "2026-05-24T20:52:31.3568720Z",
    "event":  "PRAE_RUNTIME_ROUTE_VALIDATION"
}
{
    "auto_repair":  "DISABLED",
    "authority":  "PRAE",
    "production_mutation":  "NONE",
    "governance_mode":  "LOCKED",
    "result":  "SUCCESS",
    "timestamp_utc":  "2026-05-24T21:02:28.6823018Z",
    "integrity_results":  [
                              {
                                  "file":  "D:\\BossMind\\bossmind-shared\\prae\\runtime-ledger\\prae-runtime-ledger.json",
                                  "exists":  true,
                                  "integrity":  "VALID"
                              },
                              {
                                  "file":  "D:\\BossMind\\bossmind-shared\\prae\\checksums\\prae-checksum-registry.json",
                                  "exists":  true,
                                  "integrity":  "VALID"
                              },
                              {
                                  "file":  "D:\\BossMind\\bossmind-shared\\prae\\deployment-validation\\prae-deployment-authority.json",
                                  "exists":  true,
                                  "integrity":  "VALID"
                              },
                              {
                                  "file":  "D:\\BossMind\\bossmind-shared\\prae\\drift-detection\\prae-drift-authority.json",
                                  "exists":  true,
                                  "integrity":  "VALID"
                              },
                              {
                                  "file":  "D:\\BossMind\\bossmind-shared\\prae\\repair-simulation\\prae-repair-authority.json",
                                  "exists":  true,
                                  "integrity":  "VALID"
                              },
                              {
                                  "file":  "D:\\BossMind\\bossmind-shared\\prae\\authority\\prae-runtime-validation.json",
                                  "exists":  true,
                                  "integrity":  "VALID"
                              }
                          ],
    "event":  "PRAE_INTEGRITY_MONITOR"
}
{
    "routes":  [
                   {
                       "name":  "resumora-production-health",
                       "url":  "https://www.resumora.net/api/health",
                       "expected_status":  200,
                       "actual_status":  200,
                       "passed":  true
                   },
                   {
                       "name":  "resumora-orchestration-protected",
                       "url":  "https://www.resumora.net/api/orchestration/bossmind-health",
                       "expected_status":  401,
                       "actual_status":  401,
                       "passed":  true
                   }
               ],
    "auto_repair":  "DISABLED",
    "authority":  "PRAE",
    "production_mutation":  "NONE",
    "governance_mode":  "LOCKED",
    "result":  "SUCCESS",
    "timestamp_utc":  "2026-05-24T21:07:31.4631354Z",
    "event":  "PRAE_RUNTIME_ROUTE_VALIDATION"
}
{
    "auto_repair":  "DISABLED",
    "authority":  "PRAE",
    "production_mutation":  "NONE",
    "governance_mode":  "LOCKED",
    "result":  "SUCCESS",
    "timestamp_utc":  "2026-05-24T21:17:28.7388618Z",
    "integrity_results":  [
                              {
                                  "file":  "D:\\BossMind\\bossmind-shared\\prae\\runtime-ledger\\prae-runtime-ledger.json",
                                  "exists":  true,
                                  "integrity":  "VALID"
                              },
                              {
                                  "file":  "D:\\BossMind\\bossmind-shared\\prae\\checksums\\prae-checksum-registry.json",
                                  "exists":  true,
                                  "integrity":  "VALID"
                              },
                              {
                                  "file":  "D:\\BossMind\\bossmind-shared\\prae\\deployment-validation\\prae-deployment-authority.json",
                                  "exists":  true,
                                  "integrity":  "VALID"
                              },
                              {
                                  "file":  "D:\\BossMind\\bossmind-shared\\prae\\drift-detection\\prae-drift-authority.json",
                                  "exists":  true,
                                  "integrity":  "VALID"
                              },
                              {
                                  "file":  "D:\\BossMind\\bossmind-shared\\prae\\repair-simulation\\prae-repair-authority.json",
                                  "exists":  true,
                                  "integrity":  "VALID"
                              },
                              {
                                  "file":  "D:\\BossMind\\bossmind-shared\\prae\\authority\\prae-runtime-validation.json",
                                  "exists":  true,
                                  "integrity":  "VALID"
                              }
                          ],
    "event":  "PRAE_INTEGRITY_MONITOR"
}
{
    "routes":  [
                   {
                       "name":  "resumora-production-health",
                       "url":  "https://www.resumora.net/api/health",
                       "expected_status":  200,
                       "actual_status":  200,
                       "passed":  true
                   },
                   {
                       "name":  "resumora-orchestration-protected",
                       "url":  "https://www.resumora.net/api/orchestration/bossmind-health",
                       "expected_status":  401,
                       "actual_status":  401,
                       "passed":  true
                   }
               ],
    "auto_repair":  "DISABLED",
    "authority":  "PRAE",
    "production_mutation":  "NONE",
    "governance_mode":  "LOCKED",
    "result":  "SUCCESS",
    "timestamp_utc":  "2026-05-24T21:22:31.2930539Z",
    "event":  "PRAE_RUNTIME_ROUTE_VALIDATION"
}
{
    "auto_repair":  "DISABLED",
    "authority":  "PRAE",
    "production_mutation":  "NONE",
    "governance_mode":  "LOCKED",
    "result":  "SUCCESS",
    "timestamp_utc":  "2026-05-24T21:32:29.3037944Z",
    "integrity_results":  [
                              {
                                  "file":  "D:\\BossMind\\bossmind-shared\\prae\\runtime-ledger\\prae-runtime-ledger.json",
                                  "exists":  true,
                                  "integrity":  "VALID"
                              },
                              {
                                  "file":  "D:\\BossMind\\bossmind-shared\\prae\\checksums\\prae-checksum-registry.json",
                                  "exists":  true,
                                  "integrity":  "VALID"
                              },
                              {
                                  "file":  "D:\\BossMind\\bossmind-shared\\prae\\deployment-validation\\prae-deployment-authority.json",
                                  "exists":  true,
                                  "integrity":  "VALID"
                              },
                              {
                                  "file":  "D:\\BossMind\\bossmind-shared\\prae\\drift-detection\\prae-drift-authority.json",
                                  "exists":  true,
                                  "integrity":  "VALID"
                              },
                              {
                                  "file":  "D:\\BossMind\\bossmind-shared\\prae\\repair-simulation\\prae-repair-authority.json",
                                  "exists":  true,
                                  "integrity":  "VALID"
                              },
                              {
                                  "file":  "D:\\BossMind\\bossmind-shared\\prae\\authority\\prae-runtime-validation.json",
                                  "exists":  true,
                                  "integrity":  "VALID"
                              }
                          ],
    "event":  "PRAE_INTEGRITY_MONITOR"
}
{
    "routes":  [
                   {
                       "name":  "resumora-production-health",
                       "url":  "https://www.resumora.net/api/health",
                       "expected_status":  200,
                       "actual_status":  200,
                       "passed":  true
                   },
                   {
                       "name":  "resumora-orchestration-protected",
                       "url":  "https://www.resumora.net/api/orchestration/bossmind-health",
                       "expected_status":  401,
                       "actual_status":  401,
                       "passed":  true
                   }
               ],
    "auto_repair":  "DISABLED",
    "authority":  "PRAE",
    "production_mutation":  "NONE",
    "governance_mode":  "LOCKED",
    "result":  "SUCCESS",
    "timestamp_utc":  "2026-05-24T21:37:33.2967883Z",
    "event":  "PRAE_RUNTIME_ROUTE_VALIDATION"
}
{
    "auto_repair":  "DISABLED",
    "authority":  "PRAE",
    "production_mutation":  "NONE",
    "governance_mode":  "LOCKED",
    "result":  "SUCCESS",
    "timestamp_utc":  "2026-05-24T21:47:29.8264396Z",
    "integrity_results":  [
                              {
                                  "file":  "D:\\BossMind\\bossmind-shared\\prae\\runtime-ledger\\prae-runtime-ledger.json",
                                  "exists":  true,
                                  "integrity":  "VALID"
                              },
                              {
                                  "file":  "D:\\BossMind\\bossmind-shared\\prae\\checksums\\prae-checksum-registry.json",
                                  "exists":  true,
                                  "integrity":  "VALID"
                              },
                              {
                                  "file":  "D:\\BossMind\\bossmind-shared\\prae\\deployment-validation\\prae-deployment-authority.json",
                                  "exists":  true,
                                  "integrity":  "VALID"
                              },
                              {
                                  "file":  "D:\\BossMind\\bossmind-shared\\prae\\drift-detection\\prae-drift-authority.json",
                                  "exists":  true,
                                  "integrity":  "VALID"
                              },
                              {
                                  "file":  "D:\\BossMind\\bossmind-shared\\prae\\repair-simulation\\prae-repair-authority.json",
                                  "exists":  true,
                                  "integrity":  "VALID"
                              },
                              {
                                  "file":  "D:\\BossMind\\bossmind-shared\\prae\\authority\\prae-runtime-validation.json",
                                  "exists":  true,
                                  "integrity":  "VALID"
                              }
                          ],
    "event":  "PRAE_INTEGRITY_MONITOR"
}
{
    "routes":  [
                   {
                       "name":  "resumora-production-health",
                       "url":  "https://www.resumora.net/api/health",
                       "expected_status":  200,
                       "actual_status":  200,
                       "passed":  true
                   },
                   {
                       "name":  "resumora-orchestration-protected",
                       "url":  "https://www.resumora.net/api/orchestration/bossmind-health",
                       "expected_status":  401,
                       "actual_status":  401,
                       "passed":  true
                   }
               ],
    "auto_repair":  "DISABLED",
    "authority":  "PRAE",
    "production_mutation":  "NONE",
    "governance_mode":  "LOCKED",
    "result":  "SUCCESS",
    "timestamp_utc":  "2026-05-24T21:52:31.4099580Z",
    "event":  "PRAE_RUNTIME_ROUTE_VALIDATION"
}
{
    "auto_repair":  "DISABLED",
    "authority":  "PRAE",
    "production_mutation":  "NONE",
    "governance_mode":  "LOCKED",
    "result":  "SUCCESS",
    "timestamp_utc":  "2026-05-24T22:02:28.7359178Z",
    "integrity_results":  [
                              {
                                  "file":  "D:\\BossMind\\bossmind-shared\\prae\\runtime-ledger\\prae-runtime-ledger.json",
                                  "exists":  true,
                                  "integrity":  "VALID"
                              },
                              {
                                  "file":  "D:\\BossMind\\bossmind-shared\\prae\\checksums\\prae-checksum-registry.json",
                                  "exists":  true,
                                  "integrity":  "VALID"
                              },
                              {
                                  "file":  "D:\\BossMind\\bossmind-shared\\prae\\deployment-validation\\prae-deployment-authority.json",
                                  "exists":  true,
                                  "integrity":  "VALID"
                              },
                              {
                                  "file":  "D:\\BossMind\\bossmind-shared\\prae\\drift-detection\\prae-drift-authority.json",
                                  "exists":  true,
                                  "integrity":  "VALID"
                              },
                              {
                                  "file":  "D:\\BossMind\\bossmind-shared\\prae\\repair-simulation\\prae-repair-authority.json",
                                  "exists":  true,
                                  "integrity":  "VALID"
                              },
                              {
                                  "file":  "D:\\BossMind\\bossmind-shared\\prae\\authority\\prae-runtime-validation.json",
                                  "exists":  true,
                                  "integrity":  "VALID"
                              }
                          ],
    "event":  "PRAE_INTEGRITY_MONITOR"
}
{
    "routes":  [
                   {
                       "name":  "resumora-production-health",
                       "url":  "https://www.resumora.net/api/health",
                       "expected_status":  200,
                       "actual_status":  200,
                       "passed":  true
                   },
                   {
                       "name":  "resumora-orchestration-protected",
                       "url":  "https://www.resumora.net/api/orchestration/bossmind-health",
                       "expected_status":  401,
                       "actual_status":  401,
                       "passed":  true
                   }
               ],
    "auto_repair":  "DISABLED",
    "authority":  "PRAE",
    "production_mutation":  "NONE",
    "governance_mode":  "LOCKED",
    "result":  "SUCCESS",
    "timestamp_utc":  "2026-05-24T22:07:41.4408832Z",
    "event":  "PRAE_RUNTIME_ROUTE_VALIDATION"
}
{
    "auto_repair":  "DISABLED",
    "authority":  "PRAE",
    "production_mutation":  "NONE",
    "governance_mode":  "LOCKED",
    "result":  "SUCCESS",
    "timestamp_utc":  "2026-05-24T22:17:30.7640215Z",
    "integrity_results":  [
                              {
                                  "file":  "D:\\BossMind\\bossmind-shared\\prae\\runtime-ledger\\prae-runtime-ledger.json",
                                  "exists":  true,
                                  "integrity":  "VALID"
                              },
                              {
                                  "file":  "D:\\BossMind\\bossmind-shared\\prae\\checksums\\prae-checksum-registry.json",
                                  "exists":  true,
                                  "integrity":  "VALID"
                              },
                              {
                                  "file":  "D:\\BossMind\\bossmind-shared\\prae\\deployment-validation\\prae-deployment-authority.json",
                                  "exists":  true,
                                  "integrity":  "VALID"
                              },
                              {
                                  "file":  "D:\\BossMind\\bossmind-shared\\prae\\drift-detection\\prae-drift-authority.json",
                                  "exists":  true,
                                  "integrity":  "VALID"
                              },
                              {
                                  "file":  "D:\\BossMind\\bossmind-shared\\prae\\repair-simulation\\prae-repair-authority.json",
                                  "exists":  true,
                                  "integrity":  "VALID"
                              },
                              {
                                  "file":  "D:\\BossMind\\bossmind-shared\\prae\\authority\\prae-runtime-validation.json",
                                  "exists":  true,
                                  "integrity":  "VALID"
                              }
                          ],
    "event":  "PRAE_INTEGRITY_MONITOR"
}
{
    "routes":  [
                   {
                       "name":  "resumora-production-health",
                       "url":  "https://www.resumora.net/api/health",
                       "expected_status":  200,
                       "actual_status":  200,
                       "passed":  true
                   },
                   {
                       "name":  "resumora-orchestration-protected",
                       "url":  "https://www.resumora.net/api/orchestration/bossmind-health",
                       "expected_status":  401,
                       "actual_status":  401,
                       "passed":  true
                   }
               ],
    "auto_repair":  "DISABLED",
    "authority":  "PRAE",
    "production_mutation":  "NONE",
    "governance_mode":  "LOCKED",
    "result":  "SUCCESS",
    "timestamp_utc":  "2026-05-24T22:22:31.4746744Z",
    "event":  "PRAE_RUNTIME_ROUTE_VALIDATION"
}
{
    "auto_repair":  "DISABLED",
    "authority":  "PRAE",
    "production_mutation":  "NONE",
    "governance_mode":  "LOCKED",
    "result":  "SUCCESS",
    "timestamp_utc":  "2026-05-24T22:32:28.7128055Z",
    "integrity_results":  [
                              {
                                  "file":  "D:\\BossMind\\bossmind-shared\\prae\\runtime-ledger\\prae-runtime-ledger.json",
                                  "exists":  true,
                                  "integrity":  "VALID"
                              },
                              {
                                  "file":  "D:\\BossMind\\bossmind-shared\\prae\\checksums\\prae-checksum-registry.json",
                                  "exists":  true,
                                  "integrity":  "VALID"
                              },
                              {
                                  "file":  "D:\\BossMind\\bossmind-shared\\prae\\deployment-validation\\prae-deployment-authority.json",
                                  "exists":  true,
                                  "integrity":  "VALID"
                              },
                              {
                                  "file":  "D:\\BossMind\\bossmind-shared\\prae\\drift-detection\\prae-drift-authority.json",
                                  "exists":  true,
                                  "integrity":  "VALID"
                              },
                              {
                                  "file":  "D:\\BossMind\\bossmind-shared\\prae\\repair-simulation\\prae-repair-authority.json",
                                  "exists":  true,
                                  "integrity":  "VALID"
                              },
                              {
                                  "file":  "D:\\BossMind\\bossmind-shared\\prae\\authority\\prae-runtime-validation.json",
                                  "exists":  true,
                                  "integrity":  "VALID"
                              }
                          ],
    "event":  "PRAE_INTEGRITY_MONITOR"
}
{
    "routes":  [
                   {
                       "name":  "resumora-production-health",
                       "url":  "https://www.resumora.net/api/health",
                       "expected_status":  200,
                       "actual_status":  200,
                       "passed":  true
                   },
                   {
                       "name":  "resumora-orchestration-protected",
                       "url":  "https://www.resumora.net/api/orchestration/bossmind-health",
                       "expected_status":  401,
                       "actual_status":  401,
                       "passed":  true
                   }
               ],
    "auto_repair":  "DISABLED",
    "authority":  "PRAE",
    "production_mutation":  "NONE",
    "governance_mode":  "LOCKED",
    "result":  "SUCCESS",
    "timestamp_utc":  "2026-05-24T22:37:31.9825424Z",
    "event":  "PRAE_RUNTIME_ROUTE_VALIDATION"
}
{
    "auto_repair":  "DISABLED",
    "authority":  "PRAE",
    "production_mutation":  "NONE",
    "governance_mode":  "LOCKED",
    "result":  "SUCCESS",
    "timestamp_utc":  "2026-05-24T22:47:28.7227281Z",
    "integrity_results":  [
                              {
                                  "file":  "D:\\BossMind\\bossmind-shared\\prae\\runtime-ledger\\prae-runtime-ledger.json",
                                  "exists":  true,
                                  "integrity":  "VALID"
                              },
                              {
                                  "file":  "D:\\BossMind\\bossmind-shared\\prae\\checksums\\prae-checksum-registry.json",
                                  "exists":  true,
                                  "integrity":  "VALID"
                              },
                              {
                                  "file":  "D:\\BossMind\\bossmind-shared\\prae\\deployment-validation\\prae-deployment-authority.json",
                                  "exists":  true,
                                  "integrity":  "VALID"
                              },
                              {
                                  "file":  "D:\\BossMind\\bossmind-shared\\prae\\drift-detection\\prae-drift-authority.json",
                                  "exists":  true,
                                  "integrity":  "VALID"
                              },
                              {
                                  "file":  "D:\\BossMind\\bossmind-shared\\prae\\repair-simulation\\prae-repair-authority.json",
                                  "exists":  true,
                                  "integrity":  "VALID"
                              },
                              {
                                  "file":  "D:\\BossMind\\bossmind-shared\\prae\\authority\\prae-runtime-validation.json",
                                  "exists":  true,
                                  "integrity":  "VALID"
                              }
                          ],
    "event":  "PRAE_INTEGRITY_MONITOR"
}
{
    "routes":  [
                   {
                       "name":  "resumora-production-health",
                       "url":  "https://www.resumora.net/api/health",
                       "expected_status":  200,
                       "actual_status":  200,
                       "passed":  true
                   },
                   {
                       "name":  "resumora-orchestration-protected",
                       "url":  "https://www.resumora.net/api/orchestration/bossmind-health",
                       "expected_status":  401,
                       "actual_status":  401,
                       "passed":  true
                   }
               ],
    "auto_repair":  "DISABLED",
    "authority":  "PRAE",
    "production_mutation":  "NONE",
    "governance_mode":  "LOCKED",
    "result":  "SUCCESS",
    "timestamp_utc":  "2026-05-24T22:52:31.9731722Z",
    "event":  "PRAE_RUNTIME_ROUTE_VALIDATION"
}
{
    "auto_repair":  "DISABLED",
    "authority":  "PRAE",
    "production_mutation":  "NONE",
    "governance_mode":  "LOCKED",
    "result":  "SUCCESS",
    "timestamp_utc":  "2026-05-24T23:02:28.7755016Z",
    "integrity_results":  [
                              {
                                  "file":  "D:\\BossMind\\bossmind-shared\\prae\\runtime-ledger\\prae-runtime-ledger.json",
                                  "exists":  true,
                                  "integrity":  "VALID"
                              },
                              {
                                  "file":  "D:\\BossMind\\bossmind-shared\\prae\\checksums\\prae-checksum-registry.json",
                                  "exists":  true,
                                  "integrity":  "VALID"
                              },
                              {
                                  "file":  "D:\\BossMind\\bossmind-shared\\prae\\deployment-validation\\prae-deployment-authority.json",
                                  "exists":  true,
                                  "integrity":  "VALID"
                              },
                              {
                                  "file":  "D:\\BossMind\\bossmind-shared\\prae\\drift-detection\\prae-drift-authority.json",
                                  "exists":  true,
                                  "integrity":  "VALID"
                              },
                              {
                                  "file":  "D:\\BossMind\\bossmind-shared\\prae\\repair-simulation\\prae-repair-authority.json",
                                  "exists":  true,
                                  "integrity":  "VALID"
                              },
                              {
                                  "file":  "D:\\BossMind\\bossmind-shared\\prae\\authority\\prae-runtime-validation.json",
                                  "exists":  true,
                                  "integrity":  "VALID"
                              }
                          ],
    "event":  "PRAE_INTEGRITY_MONITOR"
}
{
    "routes":  [
                   {
                       "name":  "resumora-production-health",
                       "url":  "https://www.resumora.net/api/health",
                       "expected_status":  200,
                       "actual_status":  200,
                       "passed":  true
                   },
                   {
                       "name":  "resumora-orchestration-protected",
                       "url":  "https://www.resumora.net/api/orchestration/bossmind-health",
                       "expected_status":  401,
                       "actual_status":  401,
                       "passed":  true
                   }
               ],
    "auto_repair":  "DISABLED",
    "authority":  "PRAE",
    "production_mutation":  "NONE",
    "governance_mode":  "LOCKED",
    "result":  "SUCCESS",
    "timestamp_utc":  "2026-05-24T23:07:32.9335785Z",
    "event":  "PRAE_RUNTIME_ROUTE_VALIDATION"
}
{
    "auto_repair":  "DISABLED",
    "authority":  "PRAE",
    "production_mutation":  "NONE",
    "governance_mode":  "LOCKED",
    "result":  "SUCCESS",
    "timestamp_utc":  "2026-05-24T23:17:28.8513333Z",
    "integrity_results":  [
                              {
                                  "file":  "D:\\BossMind\\bossmind-shared\\prae\\runtime-ledger\\prae-runtime-ledger.json",
                                  "exists":  true,
                                  "integrity":  "VALID"
                              },
                              {
                                  "file":  "D:\\BossMind\\bossmind-shared\\prae\\checksums\\prae-checksum-registry.json",
                                  "exists":  true,
                                  "integrity":  "VALID"
                              },
                              {
                                  "file":  "D:\\BossMind\\bossmind-shared\\prae\\deployment-validation\\prae-deployment-authority.json",
                                  "exists":  true,
                                  "integrity":  "VALID"
                              },
                              {
                                  "file":  "D:\\BossMind\\bossmind-shared\\prae\\drift-detection\\prae-drift-authority.json",
                                  "exists":  true,
                                  "integrity":  "VALID"
                              },
                              {
                                  "file":  "D:\\BossMind\\bossmind-shared\\prae\\repair-simulation\\prae-repair-authority.json",
                                  "exists":  true,
                                  "integrity":  "VALID"
                              },
                              {
                                  "file":  "D:\\BossMind\\bossmind-shared\\prae\\authority\\prae-runtime-validation.json",
                                  "exists":  true,
                                  "integrity":  "VALID"
                              }
                          ],
    "event":  "PRAE_INTEGRITY_MONITOR"
}
{
    "routes":  [
                   {
                       "name":  "resumora-production-health",
                       "url":  "https://www.resumora.net/api/health",
                       "expected_status":  200,
                       "actual_status":  200,
                       "passed":  true
                   },
                   {
                       "name":  "resumora-orchestration-protected",
                       "url":  "https://www.resumora.net/api/orchestration/bossmind-health",
                       "expected_status":  401,
                       "actual_status":  401,
                       "passed":  true
                   }
               ],
    "auto_repair":  "DISABLED",
    "authority":  "PRAE",
    "production_mutation":  "NONE",
    "governance_mode":  "LOCKED",
    "result":  "SUCCESS",
    "timestamp_utc":  "2026-05-24T23:22:31.9822938Z",
    "event":  "PRAE_RUNTIME_ROUTE_VALIDATION"
}
{
    "auto_repair":  "DISABLED",
    "authority":  "PRAE",
    "production_mutation":  "NONE",
    "governance_mode":  "LOCKED",
    "result":  "SUCCESS",
    "timestamp_utc":  "2026-05-25T00:47:39.9552567Z",
    "integrity_results":  [
                              {
                                  "file":  "D:\\BossMind\\bossmind-shared\\prae\\runtime-ledger\\prae-runtime-ledger.json",
                                  "exists":  true,
                                  "integrity":  "VALID"
                              },
                              {
                                  "file":  "D:\\BossMind\\bossmind-shared\\prae\\checksums\\prae-checksum-registry.json",
                                  "exists":  true,
                                  "integrity":  "VALID"
                              },
                              {
                                  "file":  "D:\\BossMind\\bossmind-shared\\prae\\deployment-validation\\prae-deployment-authority.json",
                                  "exists":  true,
                                  "integrity":  "VALID"
                              },
                              {
                                  "file":  "D:\\BossMind\\bossmind-shared\\prae\\drift-detection\\prae-drift-authority.json",
                                  "exists":  true,
                                  "integrity":  "VALID"
                              },
                              {
                                  "file":  "D:\\BossMind\\bossmind-shared\\prae\\repair-simulation\\prae-repair-authority.json",
                                  "exists":  true,
                                  "integrity":  "VALID"
                              },
                              {
                                  "file":  "D:\\BossMind\\bossmind-shared\\prae\\authority\\prae-runtime-validation.json",
                                  "exists":  true,
                                  "integrity":  "VALID"
                              }
                          ],
    "event":  "PRAE_INTEGRITY_MONITOR"
}
{
    "routes":  [
                   {
                       "name":  "resumora-production-health",
                       "url":  "https://www.resumora.net/api/health",
                       "expected_status":  200,
                       "actual_status":  200,
                       "passed":  true
                   },
                   {
                       "name":  "resumora-orchestration-protected",
                       "url":  "https://www.resumora.net/api/orchestration/bossmind-health",
                       "expected_status":  401,
                       "actual_status":  401,
                       "passed":  true
                   }
               ],
    "auto_repair":  "DISABLED",
    "authority":  "PRAE",
    "production_mutation":  "NONE",
    "governance_mode":  "LOCKED",
    "result":  "SUCCESS",
    "timestamp_utc":  "2026-05-25T00:47:43.3119293Z",
    "event":  "PRAE_RUNTIME_ROUTE_VALIDATION"
}
{
    "routes":  [
                   {
                       "name":  "resumora-production-health",
                       "url":  "https://www.resumora.net/api/health",
                       "expected_status":  200,
                       "actual_status":  200,
                       "passed":  true
                   },
                   {
                       "name":  "resumora-orchestration-protected",
                       "url":  "https://www.resumora.net/api/orchestration/bossmind-health",
                       "expected_status":  401,
                       "actual_status":  401,
                       "passed":  true
                   }
               ],
    "auto_repair":  "DISABLED",
    "authority":  "PRAE",
    "production_mutation":  "NONE",
    "governance_mode":  "LOCKED",
    "result":  "SUCCESS",
    "timestamp_utc":  "2026-05-25T00:52:31.3156506Z",
    "event":  "PRAE_RUNTIME_ROUTE_VALIDATION"
}
{
    "auto_repair":  "DISABLED",
    "authority":  "PRAE",
    "production_mutation":  "NONE",
    "governance_mode":  "LOCKED",
    "result":  "SUCCESS",
    "timestamp_utc":  "2026-05-25T01:02:28.7022736Z",
    "integrity_results":  [
                              {
                                  "file":  "D:\\BossMind\\bossmind-shared\\prae\\runtime-ledger\\prae-runtime-ledger.json",
                                  "exists":  true,
                                  "integrity":  "VALID"
                              },
                              {
                                  "file":  "D:\\BossMind\\bossmind-shared\\prae\\checksums\\prae-checksum-registry.json",
                                  "exists":  true,
                                  "integrity":  "VALID"
                              },
                              {
                                  "file":  "D:\\BossMind\\bossmind-shared\\prae\\deployment-validation\\prae-deployment-authority.json",
                                  "exists":  true,
                                  "integrity":  "VALID"
                              },
                              {
                                  "file":  "D:\\BossMind\\bossmind-shared\\prae\\drift-detection\\prae-drift-authority.json",
                                  "exists":  true,
                                  "integrity":  "VALID"
                              },
                              {
                                  "file":  "D:\\BossMind\\bossmind-shared\\prae\\repair-simulation\\prae-repair-authority.json",
                                  "exists":  true,
                                  "integrity":  "VALID"
                              },
                              {
                                  "file":  "D:\\BossMind\\bossmind-shared\\prae\\authority\\prae-runtime-validation.json",
                                  "exists":  true,
                                  "integrity":  "VALID"
                              }
                          ],
    "event":  "PRAE_INTEGRITY_MONITOR"
}
{
    "routes":  [
                   {
                       "name":  "resumora-production-health",
                       "url":  "https://www.resumora.net/api/health",
                       "expected_status":  200,
                       "actual_status":  200,
                       "passed":  true
                   },
                   {
                       "name":  "resumora-orchestration-protected",
                       "url":  "https://www.resumora.net/api/orchestration/bossmind-health",
                       "expected_status":  401,
                       "actual_status":  401,
                       "passed":  true
                   }
               ],
    "auto_repair":  "DISABLED",
    "authority":  "PRAE",
    "production_mutation":  "NONE",
    "governance_mode":  "LOCKED",
    "result":  "SUCCESS",
    "timestamp_utc":  "2026-05-25T01:07:33.5867017Z",
    "event":  "PRAE_RUNTIME_ROUTE_VALIDATION"
}
{
    "auto_repair":  "DISABLED",
    "authority":  "PRAE",
    "production_mutation":  "NONE",
    "governance_mode":  "LOCKED",
    "result":  "SUCCESS",
    "timestamp_utc":  "2026-05-25T01:17:29.6946197Z",
    "integrity_results":  [
                              {
                                  "file":  "D:\\BossMind\\bossmind-shared\\prae\\runtime-ledger\\prae-runtime-ledger.json",
                                  "exists":  true,
                                  "integrity":  "VALID"
                              },
                              {
                                  "file":  "D:\\BossMind\\bossmind-shared\\prae\\checksums\\prae-checksum-registry.json",
                                  "exists":  true,
                                  "integrity":  "VALID"
                              },
                              {
                                  "file":  "D:\\BossMind\\bossmind-shared\\prae\\deployment-validation\\prae-deployment-authority.json",
                                  "exists":  true,
                                  "integrity":  "VALID"
                              },
                              {
                                  "file":  "D:\\BossMind\\bossmind-shared\\prae\\drift-detection\\prae-drift-authority.json",
                                  "exists":  true,
                                  "integrity":  "VALID"
                              },
                              {
                                  "file":  "D:\\BossMind\\bossmind-shared\\prae\\repair-simulation\\prae-repair-authority.json",
                                  "exists":  true,
                                  "integrity":  "VALID"
                              },
                              {
                                  "file":  "D:\\BossMind\\bossmind-shared\\prae\\authority\\prae-runtime-validation.json",
                                  "exists":  true,
                                  "integrity":  "VALID"
                              }
                          ],
    "event":  "PRAE_INTEGRITY_MONITOR"
}
{
    "routes":  [
                   {
                       "name":  "resumora-production-health",
                       "url":  "https://www.resumora.net/api/health",
                       "expected_status":  200,
                       "actual_status":  200,
                       "passed":  true
                   },
                   {
                       "name":  "resumora-orchestration-protected",
                       "url":  "https://www.resumora.net/api/orchestration/bossmind-health",
                       "expected_status":  401,
                       "actual_status":  401,
                       "passed":  true
                   }
               ],
    "auto_repair":  "DISABLED",
    "authority":  "PRAE",
    "production_mutation":  "NONE",
    "governance_mode":  "LOCKED",
    "result":  "SUCCESS",
    "timestamp_utc":  "2026-05-25T01:22:33.3562456Z",
    "event":  "PRAE_RUNTIME_ROUTE_VALIDATION"
}
{
    "auto_repair":  "DISABLED",
    "authority":  "PRAE",
    "production_mutation":  "NONE",
    "governance_mode":  "LOCKED",
    "result":  "SUCCESS",
    "timestamp_utc":  "2026-05-25T01:32:29.7048431Z",
    "integrity_results":  [
                              {
                                  "file":  "D:\\BossMind\\bossmind-shared\\prae\\runtime-ledger\\prae-runtime-ledger.json",
                                  "exists":  true,
                                  "integrity":  "VALID"
                              },
                              {
                                  "file":  "D:\\BossMind\\bossmind-shared\\prae\\checksums\\prae-checksum-registry.json",
                                  "exists":  true,
                                  "integrity":  "VALID"
                              },
                              {
                                  "file":  "D:\\BossMind\\bossmind-shared\\prae\\deployment-validation\\prae-deployment-authority.json",
                                  "exists":  true,
                                  "integrity":  "VALID"
                              },
                              {
                                  "file":  "D:\\BossMind\\bossmind-shared\\prae\\drift-detection\\prae-drift-authority.json",
                                  "exists":  true,
                                  "integrity":  "VALID"
                              },
                              {
                                  "file":  "D:\\BossMind\\bossmind-shared\\prae\\repair-simulation\\prae-repair-authority.json",
                                  "exists":  true,
                                  "integrity":  "VALID"
                              },
                              {
                                  "file":  "D:\\BossMind\\bossmind-shared\\prae\\authority\\prae-runtime-validation.json",
                                  "exists":  true,
                                  "integrity":  "VALID"
                              }
                          ],
    "event":  "PRAE_INTEGRITY_MONITOR"
}
{
    "routes":  [
                   {
                       "name":  "resumora-production-health",
                       "url":  "https://www.resumora.net/api/health",
                       "expected_status":  200,
                       "actual_status":  200,
                       "passed":  true
                   },
                   {
                       "name":  "resumora-orchestration-protected",
                       "url":  "https://www.resumora.net/api/orchestration/bossmind-health",
                       "expected_status":  401,
                       "actual_status":  401,
                       "passed":  true
                   }
               ],
    "auto_repair":  "DISABLED",
    "authority":  "PRAE",
    "production_mutation":  "NONE",
    "governance_mode":  "LOCKED",
    "result":  "SUCCESS",
    "timestamp_utc":  "2026-05-25T01:37:33.1179236Z",
    "event":  "PRAE_RUNTIME_ROUTE_VALIDATION"
}
{
    "auto_repair":  "DISABLED",
    "authority":  "PRAE",
    "production_mutation":  "NONE",
    "governance_mode":  "LOCKED",
    "result":  "SUCCESS",
    "timestamp_utc":  "2026-05-25T01:47:29.6733997Z",
    "integrity_results":  [
                              {
                                  "file":  "D:\\BossMind\\bossmind-shared\\prae\\runtime-ledger\\prae-runtime-ledger.json",
                                  "exists":  true,
                                  "integrity":  "VALID"
                              },
                              {
                                  "file":  "D:\\BossMind\\bossmind-shared\\prae\\checksums\\prae-checksum-registry.json",
                                  "exists":  true,
                                  "integrity":  "VALID"
                              },
                              {
                                  "file":  "D:\\BossMind\\bossmind-shared\\prae\\deployment-validation\\prae-deployment-authority.json",
                                  "exists":  true,
                                  "integrity":  "VALID"
                              },
                              {
                                  "file":  "D:\\BossMind\\bossmind-shared\\prae\\drift-detection\\prae-drift-authority.json",
                                  "exists":  true,
                                  "integrity":  "VALID"
                              },
                              {
                                  "file":  "D:\\BossMind\\bossmind-shared\\prae\\repair-simulation\\prae-repair-authority.json",
                                  "exists":  true,
                                  "integrity":  "VALID"
                              },
                              {
                                  "file":  "D:\\BossMind\\bossmind-shared\\prae\\authority\\prae-runtime-validation.json",
                                  "exists":  true,
                                  "integrity":  "VALID"
                              }
                          ],
    "event":  "PRAE_INTEGRITY_MONITOR"
}
{
    "routes":  [
                   {
                       "name":  "resumora-production-health",
                       "url":  "https://www.resumora.net/api/health",
                       "expected_status":  200,
                       "actual_status":  200,
                       "passed":  true
                   },
                   {
                       "name":  "resumora-orchestration-protected",
                       "url":  "https://www.resumora.net/api/orchestration/bossmind-health",
                       "expected_status":  401,
                       "actual_status":  401,
                       "passed":  true
                   }
               ],
    "auto_repair":  "DISABLED",
    "authority":  "PRAE",
    "production_mutation":  "NONE",
    "governance_mode":  "LOCKED",
    "result":  "SUCCESS",
    "timestamp_utc":  "2026-05-25T01:52:33.3499509Z",
    "event":  "PRAE_RUNTIME_ROUTE_VALIDATION"
}
{
    "routes":  [
                   {
                       "name":  "resumora-production-health",
                       "url":  "https://www.resumora.net/api/health",
                       "expected_status":  200,
                       "actual_status":  200,
                       "passed":  true
                   },
                   {
                       "name":  "resumora-orchestration-protected",
                       "url":  "https://www.resumora.net/api/orchestration/bossmind-health",
                       "expected_status":  401,
                       "actual_status":  401,
                       "passed":  true
                   }
               ],
    "auto_repair":  "DISABLED",
    "authority":  "PRAE",
    "production_mutation":  "NONE",
    "governance_mode":  "LOCKED",
    "result":  "SUCCESS",
    "timestamp_utc":  "2026-05-26T01:52:33.3486876Z",
    "event":  "PRAE_RUNTIME_ROUTE_VALIDATION"
}
{
    "auto_repair":  "DISABLED",
    "authority":  "PRAE",
    "production_mutation":  "NONE",
    "governance_mode":  "LOCKED",
    "result":  "SUCCESS",
    "timestamp_utc":  "2026-05-26T02:02:29.8597471Z",
    "integrity_results":  [
                              {
                                  "file":  "D:\\BossMind\\bossmind-shared\\prae\\runtime-ledger\\prae-runtime-ledger.json",
                                  "exists":  true,
                                  "integrity":  "VALID"
                              },
                              {
                                  "file":  "D:\\BossMind\\bossmind-shared\\prae\\checksums\\prae-checksum-registry.json",
                                  "exists":  true,
                                  "integrity":  "VALID"
                              },
                              {
                                  "file":  "D:\\BossMind\\bossmind-shared\\prae\\deployment-validation\\prae-deployment-authority.json",
                                  "exists":  true,
                                  "integrity":  "VALID"
                              },
                              {
                                  "file":  "D:\\BossMind\\bossmind-shared\\prae\\drift-detection\\prae-drift-authority.json",
                                  "exists":  true,
                                  "integrity":  "VALID"
                              },
                              {
                                  "file":  "D:\\BossMind\\bossmind-shared\\prae\\repair-simulation\\prae-repair-authority.json",
                                  "exists":  true,
                                  "integrity":  "VALID"
                              },
                              {
                                  "file":  "D:\\BossMind\\bossmind-shared\\prae\\authority\\prae-runtime-validation.json",
                                  "exists":  true,
                                  "integrity":  "VALID"
                              }
                          ],
    "event":  "PRAE_INTEGRITY_MONITOR"
}
{
    "routes":  [
                   {
                       "name":  "resumora-production-health",
                       "url":  "https://www.resumora.net/api/health",
                       "expected_status":  200,
                       "actual_status":  200,
                       "passed":  true
                   },
                   {
                       "name":  "resumora-orchestration-protected",
                       "url":  "https://www.resumora.net/api/orchestration/bossmind-health",
                       "expected_status":  401,
                       "actual_status":  401,
                       "passed":  true
                   }
               ],
    "auto_repair":  "DISABLED",
    "authority":  "PRAE",
    "production_mutation":  "NONE",
    "governance_mode":  "LOCKED",
    "result":  "SUCCESS",
    "timestamp_utc":  "2026-05-26T02:07:35.2648547Z",
    "event":  "PRAE_RUNTIME_ROUTE_VALIDATION"
}
{
    "auto_repair":  "DISABLED",
    "authority":  "PRAE",
    "production_mutation":  "NONE",
    "governance_mode":  "LOCKED",
    "result":  "SUCCESS",
    "timestamp_utc":  "2026-05-26T02:17:31.9095391Z",
    "integrity_results":  [
                              {
                                  "file":  "D:\\BossMind\\bossmind-shared\\prae\\runtime-ledger\\prae-runtime-ledger.json",
                                  "exists":  true,
                                  "integrity":  "VALID"
                              },
                              {
                                  "file":  "D:\\BossMind\\bossmind-shared\\prae\\checksums\\prae-checksum-registry.json",
                                  "exists":  true,
                                  "integrity":  "VALID"
                              },
                              {
                                  "file":  "D:\\BossMind\\bossmind-shared\\prae\\deployment-validation\\prae-deployment-authority.json",
                                  "exists":  true,
                                  "integrity":  "VALID"
                              },
                              {
                                  "file":  "D:\\BossMind\\bossmind-shared\\prae\\drift-detection\\prae-drift-authority.json",
                                  "exists":  true,
                                  "integrity":  "VALID"
                              },
                              {
                                  "file":  "D:\\BossMind\\bossmind-shared\\prae\\repair-simulation\\prae-repair-authority.json",
                                  "exists":  true,
                                  "integrity":  "VALID"
                              },
                              {
                                  "file":  "D:\\BossMind\\bossmind-shared\\prae\\authority\\prae-runtime-validation.json",
                                  "exists":  true,
                                  "integrity":  "VALID"
                              }
                          ],
    "event":  "PRAE_INTEGRITY_MONITOR"
}
{
    "routes":  [
                   {
                       "name":  "resumora-production-health",
                       "url":  "https://www.resumora.net/api/health",
                       "expected_status":  200,
                       "actual_status":  200,
                       "passed":  true
                   },
                   {
                       "name":  "resumora-orchestration-protected",
                       "url":  "https://www.resumora.net/api/orchestration/bossmind-health",
                       "expected_status":  401,
                       "actual_status":  401,
                       "passed":  true
                   }
               ],
    "auto_repair":  "DISABLED",
    "authority":  "PRAE",
    "production_mutation":  "NONE",
    "governance_mode":  "LOCKED",
    "result":  "SUCCESS",
    "timestamp_utc":  "2026-05-26T02:22:33.5374799Z",
    "event":  "PRAE_RUNTIME_ROUTE_VALIDATION"
}
{
    "auto_repair":  "DISABLED",
    "authority":  "PRAE",
    "production_mutation":  "NONE",
    "governance_mode":  "LOCKED",
    "result":  "SUCCESS",
    "timestamp_utc":  "2026-05-26T02:32:30.0837252Z",
    "integrity_results":  [
                              {
                                  "file":  "D:\\BossMind\\bossmind-shared\\prae\\runtime-ledger\\prae-runtime-ledger.json",
                                  "exists":  true,
                                  "integrity":  "VALID"
                              },
                              {
                                  "file":  "D:\\BossMind\\bossmind-shared\\prae\\checksums\\prae-checksum-registry.json",
                                  "exists":  true,
                                  "integrity":  "VALID"
                              },
                              {
                                  "file":  "D:\\BossMind\\bossmind-shared\\prae\\deployment-validation\\prae-deployment-authority.json",
                                  "exists":  true,
                                  "integrity":  "VALID"
                              },
                              {
                                  "file":  "D:\\BossMind\\bossmind-shared\\prae\\drift-detection\\prae-drift-authority.json",
                                  "exists":  true,
                                  "integrity":  "VALID"
                              },
                              {
                                  "file":  "D:\\BossMind\\bossmind-shared\\prae\\repair-simulation\\prae-repair-authority.json",
                                  "exists":  true,
                                  "integrity":  "VALID"
                              },
                              {
                                  "file":  "D:\\BossMind\\bossmind-shared\\prae\\authority\\prae-runtime-validation.json",
                                  "exists":  true,
                                  "integrity":  "VALID"
                              }
                          ],
    "event":  "PRAE_INTEGRITY_MONITOR"
}
{
    "routes":  [
                   {
                       "name":  "resumora-production-health",
                       "url":  "https://www.resumora.net/api/health",
                       "expected_status":  200,
                       "actual_status":  200,
                       "passed":  true
                   },
                   {
                       "name":  "resumora-orchestration-protected",
                       "url":  "https://www.resumora.net/api/orchestration/bossmind-health",
                       "expected_status":  401,
                       "actual_status":  401,
                       "passed":  true
                   }
               ],
    "auto_repair":  "DISABLED",
    "authority":  "PRAE",
    "production_mutation":  "NONE",
    "governance_mode":  "LOCKED",
    "result":  "SUCCESS",
    "timestamp_utc":  "2026-05-26T02:37:34.1443002Z",
    "event":  "PRAE_RUNTIME_ROUTE_VALIDATION"
}
{
    "auto_repair":  "DISABLED",
    "authority":  "PRAE",
    "production_mutation":  "NONE",
    "governance_mode":  "LOCKED",
    "result":  "SUCCESS",
    "timestamp_utc":  "2026-05-26T02:47:29.8639157Z",
    "integrity_results":  [
                              {
                                  "file":  "D:\\BossMind\\bossmind-shared\\prae\\runtime-ledger\\prae-runtime-ledger.json",
                                  "exists":  true,
                                  "integrity":  "VALID"
                              },
                              {
                                  "file":  "D:\\BossMind\\bossmind-shared\\prae\\checksums\\prae-checksum-registry.json",
                                  "exists":  true,
                                  "integrity":  "VALID"
                              },
                              {
                                  "file":  "D:\\BossMind\\bossmind-shared\\prae\\deployment-validation\\prae-deployment-authority.json",
                                  "exists":  true,
                                  "integrity":  "VALID"
                              },
                              {
                                  "file":  "D:\\BossMind\\bossmind-shared\\prae\\drift-detection\\prae-drift-authority.json",
                                  "exists":  true,
                                  "integrity":  "VALID"
                              },
                              {
                                  "file":  "D:\\BossMind\\bossmind-shared\\prae\\repair-simulation\\prae-repair-authority.json",
                                  "exists":  true,
                                  "integrity":  "VALID"
                              },
                              {
                                  "file":  "D:\\BossMind\\bossmind-shared\\prae\\authority\\prae-runtime-validation.json",
                                  "exists":  true,
                                  "integrity":  "VALID"
                              }
                          ],
    "event":  "PRAE_INTEGRITY_MONITOR"
}
{
    "routes":  [
                   {
                       "name":  "resumora-production-health",
                       "url":  "https://www.resumora.net/api/health",
                       "expected_status":  200,
                       "actual_status":  200,
                       "passed":  true
                   },
                   {
                       "name":  "resumora-orchestration-protected",
                       "url":  "https://www.resumora.net/api/orchestration/bossmind-health",
                       "expected_status":  401,
                       "actual_status":  401,
                       "passed":  true
                   }
               ],
    "auto_repair":  "DISABLED",
    "authority":  "PRAE",
    "production_mutation":  "NONE",
    "governance_mode":  "LOCKED",
    "result":  "SUCCESS",
    "timestamp_utc":  "2026-05-26T02:52:35.1367998Z",
    "event":  "PRAE_RUNTIME_ROUTE_VALIDATION"
}
{
    "auto_repair":  "DISABLED",
    "authority":  "PRAE",
    "production_mutation":  "NONE",
    "governance_mode":  "LOCKED",
    "result":  "SUCCESS",
    "timestamp_utc":  "2026-05-26T03:02:30.6699759Z",
    "integrity_results":  [
                              {
                                  "file":  "D:\\BossMind\\bossmind-shared\\prae\\runtime-ledger\\prae-runtime-ledger.json",
                                  "exists":  true,
                                  "integrity":  "VALID"
                              },
                              {
                                  "file":  "D:\\BossMind\\bossmind-shared\\prae\\checksums\\prae-checksum-registry.json",
                                  "exists":  true,
                                  "integrity":  "VALID"
                              },
                              {
                                  "file":  "D:\\BossMind\\bossmind-shared\\prae\\deployment-validation\\prae-deployment-authority.json",
                                  "exists":  true,
                                  "integrity":  "VALID"
                              },
                              {
                                  "file":  "D:\\BossMind\\bossmind-shared\\prae\\drift-detection\\prae-drift-authority.json",
                                  "exists":  true,
                                  "integrity":  "VALID"
                              },
                              {
                                  "file":  "D:\\BossMind\\bossmind-shared\\prae\\repair-simulation\\prae-repair-authority.json",
                                  "exists":  true,
                                  "integrity":  "VALID"
                              },
                              {
                                  "file":  "D:\\BossMind\\bossmind-shared\\prae\\authority\\prae-runtime-validation.json",
                                  "exists":  true,
                                  "integrity":  "VALID"
                              }
                          ],
    "event":  "PRAE_INTEGRITY_MONITOR"
}
{
    "routes":  [
                   {
                       "name":  "resumora-production-health",
                       "url":  "https://www.resumora.net/api/health",
                       "expected_status":  200,
                       "actual_status":  200,
                       "passed":  true
                   },
                   {
                       "name":  "resumora-orchestration-protected",
                       "url":  "https://www.resumora.net/api/orchestration/bossmind-health",
                       "expected_status":  401,
                       "actual_status":  401,
                       "passed":  true
                   }
               ],
    "auto_repair":  "DISABLED",
    "authority":  "PRAE",
    "production_mutation":  "NONE",
    "governance_mode":  "LOCKED",
    "result":  "SUCCESS",
    "timestamp_utc":  "2026-05-26T03:07:35.2549027Z",
    "event":  "PRAE_RUNTIME_ROUTE_VALIDATION"
}
{
    "auto_repair":  "DISABLED",
    "authority":  "PRAE",
    "production_mutation":  "NONE",
    "governance_mode":  "LOCKED",
    "result":  "SUCCESS",
    "timestamp_utc":  "2026-05-26T03:17:30.2833170Z",
    "integrity_results":  [
                              {
                                  "file":  "D:\\BossMind\\bossmind-shared\\prae\\runtime-ledger\\prae-runtime-ledger.json",
                                  "exists":  true,
                                  "integrity":  "VALID"
                              },
                              {
                                  "file":  "D:\\BossMind\\bossmind-shared\\prae\\checksums\\prae-checksum-registry.json",
                                  "exists":  true,
                                  "integrity":  "VALID"
                              },
                              {
                                  "file":  "D:\\BossMind\\bossmind-shared\\prae\\deployment-validation\\prae-deployment-authority.json",
                                  "exists":  true,
                                  "integrity":  "VALID"
                              },
                              {
                                  "file":  "D:\\BossMind\\bossmind-shared\\prae\\drift-detection\\prae-drift-authority.json",
                                  "exists":  true,
                                  "integrity":  "VALID"
                              },
                              {
                                  "file":  "D:\\BossMind\\bossmind-shared\\prae\\repair-simulation\\prae-repair-authority.json",
                                  "exists":  true,
                                  "integrity":  "VALID"
                              },
                              {
                                  "file":  "D:\\BossMind\\bossmind-shared\\prae\\authority\\prae-runtime-validation.json",
                                  "exists":  true,
                                  "integrity":  "VALID"
                              }
                          ],
    "event":  "PRAE_INTEGRITY_MONITOR"
}
{
    "routes":  [
                   {
                       "name":  "resumora-production-health",
                       "url":  "https://www.resumora.net/api/health",
                       "expected_status":  200,
                       "actual_status":  200,
                       "passed":  true
                   },
                   {
                       "name":  "resumora-orchestration-protected",
                       "url":  "https://www.resumora.net/api/orchestration/bossmind-health",
                       "expected_status":  401,
                       "actual_status":  401,
                       "passed":  true
                   }
               ],
    "auto_repair":  "DISABLED",
    "authority":  "PRAE",
    "production_mutation":  "NONE",
    "governance_mode":  "LOCKED",
    "result":  "SUCCESS",
    "timestamp_utc":  "2026-05-26T03:22:33.6035335Z",
    "event":  "PRAE_RUNTIME_ROUTE_VALIDATION"
}
{
    "auto_repair":  "DISABLED",
    "authority":  "PRAE",
    "production_mutation":  "NONE",
    "governance_mode":  "LOCKED",
    "result":  "SUCCESS",
    "timestamp_utc":  "2026-05-26T03:32:30.2193602Z",
    "integrity_results":  [
                              {
                                  "file":  "D:\\BossMind\\bossmind-shared\\prae\\runtime-ledger\\prae-runtime-ledger.json",
                                  "exists":  true,
                                  "integrity":  "VALID"
                              },
                              {
                                  "file":  "D:\\BossMind\\bossmind-shared\\prae\\checksums\\prae-checksum-registry.json",
                                  "exists":  true,
                                  "integrity":  "VALID"
                              },
                              {
                                  "file":  "D:\\BossMind\\bossmind-shared\\prae\\deployment-validation\\prae-deployment-authority.json",
                                  "exists":  true,
                                  "integrity":  "VALID"
                              },
                              {
                                  "file":  "D:\\BossMind\\bossmind-shared\\prae\\drift-detection\\prae-drift-authority.json",
                                  "exists":  true,
                                  "integrity":  "VALID"
                              },
                              {
                                  "file":  "D:\\BossMind\\bossmind-shared\\prae\\repair-simulation\\prae-repair-authority.json",
                                  "exists":  true,
                                  "integrity":  "VALID"
                              },
                              {
                                  "file":  "D:\\BossMind\\bossmind-shared\\prae\\authority\\prae-runtime-validation.json",
                                  "exists":  true,
                                  "integrity":  "VALID"
                              }
                          ],
    "event":  "PRAE_INTEGRITY_MONITOR"
}
{
    "routes":  [
                   {
                       "name":  "resumora-production-health",
                       "url":  "https://www.resumora.net/api/health",
                       "expected_status":  200,
                       "actual_status":  200,
                       "passed":  true
                   },
                   {
                       "name":  "resumora-orchestration-protected",
                       "url":  "https://www.resumora.net/api/orchestration/bossmind-health",
                       "expected_status":  401,
                       "actual_status":  401,
                       "passed":  true
                   }
               ],
    "auto_repair":  "DISABLED",
    "authority":  "PRAE",
    "production_mutation":  "NONE",
    "governance_mode":  "LOCKED",
    "result":  "SUCCESS",
    "timestamp_utc":  "2026-05-26T03:37:33.4508028Z",
    "event":  "PRAE_RUNTIME_ROUTE_VALIDATION"
}
{
    "auto_repair":  "DISABLED",
    "authority":  "PRAE",
    "production_mutation":  "NONE",
    "governance_mode":  "LOCKED",
    "result":  "SUCCESS",
    "timestamp_utc":  "2026-05-26T03:47:30.3597145Z",
    "integrity_results":  [
                              {
                                  "file":  "D:\\BossMind\\bossmind-shared\\prae\\runtime-ledger\\prae-runtime-ledger.json",
                                  "exists":  true,
                                  "integrity":  "VALID"
                              },
                              {
                                  "file":  "D:\\BossMind\\bossmind-shared\\prae\\checksums\\prae-checksum-registry.json",
                                  "exists":  true,
                                  "integrity":  "VALID"
                              },
                              {
                                  "file":  "D:\\BossMind\\bossmind-shared\\prae\\deployment-validation\\prae-deployment-authority.json",
                                  "exists":  true,
                                  "integrity":  "VALID"
                              },
                              {
                                  "file":  "D:\\BossMind\\bossmind-shared\\prae\\drift-detection\\prae-drift-authority.json",
                                  "exists":  true,
                                  "integrity":  "VALID"
                              },
                              {
                                  "file":  "D:\\BossMind\\bossmind-shared\\prae\\repair-simulation\\prae-repair-authority.json",
                                  "exists":  true,
                                  "integrity":  "VALID"
                              },
                              {
                                  "file":  "D:\\BossMind\\bossmind-shared\\prae\\authority\\prae-runtime-validation.json",
                                  "exists":  true,
                                  "integrity":  "VALID"
                              }
                          ],
    "event":  "PRAE_INTEGRITY_MONITOR"
}
{
    "routes":  [
                   {
                       "name":  "resumora-production-health",
                       "url":  "https://www.resumora.net/api/health",
                       "expected_status":  200,
                       "actual_status":  200,
                       "passed":  true
                   },
                   {
                       "name":  "resumora-orchestration-protected",
                       "url":  "https://www.resumora.net/api/orchestration/bossmind-health",
                       "expected_status":  401,
                       "actual_status":  401,
                       "passed":  true
                   }
               ],
    "auto_repair":  "DISABLED",
    "authority":  "PRAE",
    "production_mutation":  "NONE",
    "governance_mode":  "LOCKED",
    "result":  "SUCCESS",
    "timestamp_utc":  "2026-05-26T03:52:33.7441409Z",
    "event":  "PRAE_RUNTIME_ROUTE_VALIDATION"
}
{
    "auto_repair":  "DISABLED",
    "authority":  "PRAE",
    "production_mutation":  "NONE",
    "governance_mode":  "LOCKED",
    "result":  "SUCCESS",
    "timestamp_utc":  "2026-05-26T04:02:29.0427587Z",
    "integrity_results":  [
                              {
                                  "file":  "D:\\BossMind\\bossmind-shared\\prae\\runtime-ledger\\prae-runtime-ledger.json",
                                  "exists":  true,
                                  "integrity":  "VALID"
                              },
                              {
                                  "file":  "D:\\BossMind\\bossmind-shared\\prae\\checksums\\prae-checksum-registry.json",
                                  "exists":  true,
                                  "integrity":  "VALID"
                              },
                              {
                                  "file":  "D:\\BossMind\\bossmind-shared\\prae\\deployment-validation\\prae-deployment-authority.json",
                                  "exists":  true,
                                  "integrity":  "VALID"
                              },
                              {
                                  "file":  "D:\\BossMind\\bossmind-shared\\prae\\drift-detection\\prae-drift-authority.json",
                                  "exists":  true,
                                  "integrity":  "VALID"
                              },
                              {
                                  "file":  "D:\\BossMind\\bossmind-shared\\prae\\repair-simulation\\prae-repair-authority.json",
                                  "exists":  true,
                                  "integrity":  "VALID"
                              },
                              {
                                  "file":  "D:\\BossMind\\bossmind-shared\\prae\\authority\\prae-runtime-validation.json",
                                  "exists":  true,
                                  "integrity":  "VALID"
                              }
                          ],
    "event":  "PRAE_INTEGRITY_MONITOR"
}
{
    "routes":  [
                   {
                       "name":  "resumora-production-health",
                       "url":  "https://www.resumora.net/api/health",
                       "expected_status":  200,
                       "actual_status":  200,
                       "passed":  true
                   },
                   {
                       "name":  "resumora-orchestration-protected",
                       "url":  "https://www.resumora.net/api/orchestration/bossmind-health",
                       "expected_status":  401,
                       "actual_status":  401,
                       "passed":  true
                   }
               ],
    "auto_repair":  "DISABLED",
    "authority":  "PRAE",
    "production_mutation":  "NONE",
    "governance_mode":  "LOCKED",
    "result":  "SUCCESS",
    "timestamp_utc":  "2026-05-26T04:07:33.4617069Z",
    "event":  "PRAE_RUNTIME_ROUTE_VALIDATION"
}
{
    "auto_repair":  "DISABLED",
    "authority":  "PRAE",
    "production_mutation":  "NONE",
    "governance_mode":  "LOCKED",
    "result":  "SUCCESS",
    "timestamp_utc":  "2026-05-26T04:17:32.3685254Z",
    "integrity_results":  [
                              {
                                  "file":  "D:\\BossMind\\bossmind-shared\\prae\\runtime-ledger\\prae-runtime-ledger.json",
                                  "exists":  true,
                                  "integrity":  "VALID"
                              },
                              {
                                  "file":  "D:\\BossMind\\bossmind-shared\\prae\\checksums\\prae-checksum-registry.json",
                                  "exists":  true,
                                  "integrity":  "VALID"
                              },
                              {
                                  "file":  "D:\\BossMind\\bossmind-shared\\prae\\deployment-validation\\prae-deployment-authority.json",
                                  "exists":  true,
                                  "integrity":  "VALID"
                              },
                              {
                                  "file":  "D:\\BossMind\\bossmind-shared\\prae\\drift-detection\\prae-drift-authority.json",
                                  "exists":  true,
                                  "integrity":  "VALID"
                              },
                              {
                                  "file":  "D:\\BossMind\\bossmind-shared\\prae\\repair-simulation\\prae-repair-authority.json",
                                  "exists":  true,
                                  "integrity":  "VALID"
                              },
                              {
                                  "file":  "D:\\BossMind\\bossmind-shared\\prae\\authority\\prae-runtime-validation.json",
                                  "exists":  true,
                                  "integrity":  "VALID"
                              }
                          ],
    "event":  "PRAE_INTEGRITY_MONITOR"
}
{
    "routes":  [
                   {
                       "name":  "resumora-production-health",
                       "url":  "https://www.resumora.net/api/health",
                       "expected_status":  200,
                       "actual_status":  200,
                       "passed":  true
                   },
                   {
                       "name":  "resumora-orchestration-protected",
                       "url":  "https://www.resumora.net/api/orchestration/bossmind-health",
                       "expected_status":  401,
                       "actual_status":  401,
                       "passed":  true
                   }
               ],
    "auto_repair":  "DISABLED",
    "authority":  "PRAE",
    "production_mutation":  "NONE",
    "governance_mode":  "LOCKED",
    "result":  "SUCCESS",
    "timestamp_utc":  "2026-05-26T04:22:33.5234905Z",
    "event":  "PRAE_RUNTIME_ROUTE_VALIDATION"
}
{
    "auto_repair":  "DISABLED",
    "authority":  "PRAE",
    "production_mutation":  "NONE",
    "governance_mode":  "LOCKED",
    "result":  "SUCCESS",
    "timestamp_utc":  "2026-05-26T04:32:29.3279177Z",
    "integrity_results":  [
                              {
                                  "file":  "D:\\BossMind\\bossmind-shared\\prae\\runtime-ledger\\prae-runtime-ledger.json",
                                  "exists":  true,
                                  "integrity":  "VALID"
                              },
                              {
                                  "file":  "D:\\BossMind\\bossmind-shared\\prae\\checksums\\prae-checksum-registry.json",
                                  "exists":  true,
                                  "integrity":  "VALID"
                              },
                              {
                                  "file":  "D:\\BossMind\\bossmind-shared\\prae\\deployment-validation\\prae-deployment-authority.json",
                                  "exists":  true,
                                  "integrity":  "VALID"
                              },
                              {
                                  "file":  "D:\\BossMind\\bossmind-shared\\prae\\drift-detection\\prae-drift-authority.json",
                                  "exists":  true,
                                  "integrity":  "VALID"
                              },
                              {
                                  "file":  "D:\\BossMind\\bossmind-shared\\prae\\repair-simulation\\prae-repair-authority.json",
                                  "exists":  true,
                                  "integrity":  "VALID"
                              },
                              {
                                  "file":  "D:\\BossMind\\bossmind-shared\\prae\\authority\\prae-runtime-validation.json",
                                  "exists":  true,
                                  "integrity":  "VALID"
                              }
                          ],
    "event":  "PRAE_INTEGRITY_MONITOR"
}
{
    "routes":  [
                   {
                       "name":  "resumora-production-health",
                       "url":  "https://www.resumora.net/api/health",
                       "expected_status":  200,
                       "actual_status":  200,
                       "passed":  true
                   },
                   {
                       "name":  "resumora-orchestration-protected",
                       "url":  "https://www.resumora.net/api/orchestration/bossmind-health",
                       "expected_status":  401,
                       "actual_status":  401,
                       "passed":  true
                   }
               ],
    "auto_repair":  "DISABLED",
    "authority":  "PRAE",
    "production_mutation":  "NONE",
    "governance_mode":  "LOCKED",
    "result":  "SUCCESS",
    "timestamp_utc":  "2026-05-26T04:37:32.8421940Z",
    "event":  "PRAE_RUNTIME_ROUTE_VALIDATION"
}
{
    "auto_repair":  "DISABLED",
    "authority":  "PRAE",
    "production_mutation":  "NONE",
    "governance_mode":  "LOCKED",
    "result":  "SUCCESS",
    "timestamp_utc":  "2026-05-26T04:47:29.1342568Z",
    "integrity_results":  [
                              {
                                  "file":  "D:\\BossMind\\bossmind-shared\\prae\\runtime-ledger\\prae-runtime-ledger.json",
                                  "exists":  true,
                                  "integrity":  "VALID"
                              },
                              {
                                  "file":  "D:\\BossMind\\bossmind-shared\\prae\\checksums\\prae-checksum-registry.json",
                                  "exists":  true,
                                  "integrity":  "VALID"
                              },
                              {
                                  "file":  "D:\\BossMind\\bossmind-shared\\prae\\deployment-validation\\prae-deployment-authority.json",
                                  "exists":  true,
                                  "integrity":  "VALID"
                              },
                              {
                                  "file":  "D:\\BossMind\\bossmind-shared\\prae\\drift-detection\\prae-drift-authority.json",
                                  "exists":  true,
                                  "integrity":  "VALID"
                              },
                              {
                                  "file":  "D:\\BossMind\\bossmind-shared\\prae\\repair-simulation\\prae-repair-authority.json",
                                  "exists":  true,
                                  "integrity":  "VALID"
                              },
                              {
                                  "file":  "D:\\BossMind\\bossmind-shared\\prae\\authority\\prae-runtime-validation.json",
                                  "exists":  true,
                                  "integrity":  "VALID"
                              }
                          ],
    "event":  "PRAE_INTEGRITY_MONITOR"
}
{
    "routes":  [
                   {
                       "name":  "resumora-production-health",
                       "url":  "https://www.resumora.net/api/health",
                       "expected_status":  200,
                       "actual_status":  200,
                       "passed":  true
                   },
                   {
                       "name":  "resumora-orchestration-protected",
                       "url":  "https://www.resumora.net/api/orchestration/bossmind-health",
                       "expected_status":  401,
                       "actual_status":  401,
                       "passed":  true
                   }
               ],
    "auto_repair":  "DISABLED",
    "authority":  "PRAE",
    "production_mutation":  "NONE",
    "governance_mode":  "LOCKED",
    "result":  "SUCCESS",
    "timestamp_utc":  "2026-05-26T04:52:32.6977494Z",
    "event":  "PRAE_RUNTIME_ROUTE_VALIDATION"
}
{
    "auto_repair":  "DISABLED",
    "authority":  "PRAE",
    "production_mutation":  "NONE",
    "governance_mode":  "LOCKED",
    "result":  "SUCCESS",
    "timestamp_utc":  "2026-05-26T05:02:29.2591119Z",
    "integrity_results":  [
                              {
                                  "file":  "D:\\BossMind\\bossmind-shared\\prae\\runtime-ledger\\prae-runtime-ledger.json",
                                  "exists":  true,
                                  "integrity":  "VALID"
                              },
                              {
                                  "file":  "D:\\BossMind\\bossmind-shared\\prae\\checksums\\prae-checksum-registry.json",
                                  "exists":  true,
                                  "integrity":  "VALID"
                              },
                              {
                                  "file":  "D:\\BossMind\\bossmind-shared\\prae\\deployment-validation\\prae-deployment-authority.json",
                                  "exists":  true,
                                  "integrity":  "VALID"
                              },
                              {
                                  "file":  "D:\\BossMind\\bossmind-shared\\prae\\drift-detection\\prae-drift-authority.json",
                                  "exists":  true,
                                  "integrity":  "VALID"
                              },
                              {
                                  "file":  "D:\\BossMind\\bossmind-shared\\prae\\repair-simulation\\prae-repair-authority.json",
                                  "exists":  true,
                                  "integrity":  "VALID"
                              },
                              {
                                  "file":  "D:\\BossMind\\bossmind-shared\\prae\\authority\\prae-runtime-validation.json",
                                  "exists":  true,
                                  "integrity":  "VALID"
                              }
                          ],
    "event":  "PRAE_INTEGRITY_MONITOR"
}
{
    "routes":  [
                   {
                       "name":  "resumora-production-health",
                       "url":  "https://www.resumora.net/api/health",
                       "expected_status":  200,
                       "actual_status":  200,
                       "passed":  true
                   },
                   {
                       "name":  "resumora-orchestration-protected",
                       "url":  "https://www.resumora.net/api/orchestration/bossmind-health",
                       "expected_status":  401,
                       "actual_status":  401,
                       "passed":  true
                   }
               ],
    "auto_repair":  "DISABLED",
    "authority":  "PRAE",
    "production_mutation":  "NONE",
    "governance_mode":  "LOCKED",
    "result":  "SUCCESS",
    "timestamp_utc":  "2026-05-26T05:07:32.7894568Z",
    "event":  "PRAE_RUNTIME_ROUTE_VALIDATION"
}
{
    "auto_repair":  "DISABLED",
    "authority":  "PRAE",
    "production_mutation":  "NONE",
    "governance_mode":  "LOCKED",
    "result":  "SUCCESS",
    "timestamp_utc":  "2026-05-26T05:17:29.2088460Z",
    "integrity_results":  [
                              {
                                  "file":  "D:\\BossMind\\bossmind-shared\\prae\\runtime-ledger\\prae-runtime-ledger.json",
                                  "exists":  true,
                                  "integrity":  "VALID"
                              },
                              {
                                  "file":  "D:\\BossMind\\bossmind-shared\\prae\\checksums\\prae-checksum-registry.json",
                                  "exists":  true,
                                  "integrity":  "VALID"
                              },
                              {
                                  "file":  "D:\\BossMind\\bossmind-shared\\prae\\deployment-validation\\prae-deployment-authority.json",
                                  "exists":  true,
                                  "integrity":  "VALID"
                              },
                              {
                                  "file":  "D:\\BossMind\\bossmind-shared\\prae\\drift-detection\\prae-drift-authority.json",
                                  "exists":  true,
                                  "integrity":  "VALID"
                              },
                              {
                                  "file":  "D:\\BossMind\\bossmind-shared\\prae\\repair-simulation\\prae-repair-authority.json",
                                  "exists":  true,
                                  "integrity":  "VALID"
                              },
                              {
                                  "file":  "D:\\BossMind\\bossmind-shared\\prae\\authority\\prae-runtime-validation.json",
                                  "exists":  true,
                                  "integrity":  "VALID"
                              }
                          ],
    "event":  "PRAE_INTEGRITY_MONITOR"
}
{
    "routes":  [
                   {
                       "name":  "resumora-production-health",
                       "url":  "https://www.resumora.net/api/health",
                       "expected_status":  200,
                       "actual_status":  200,
                       "passed":  true
                   },
                   {
                       "name":  "resumora-orchestration-protected",
                       "url":  "https://www.resumora.net/api/orchestration/bossmind-health",
                       "expected_status":  401,
                       "actual_status":  401,
                       "passed":  true
                   }
               ],
    "auto_repair":  "DISABLED",
    "authority":  "PRAE",
    "production_mutation":  "NONE",
    "governance_mode":  "LOCKED",
    "result":  "SUCCESS",
    "timestamp_utc":  "2026-05-26T05:22:33.2758161Z",
    "event":  "PRAE_RUNTIME_ROUTE_VALIDATION"
}
{
    "auto_repair":  "DISABLED",
    "authority":  "PRAE",
    "production_mutation":  "NONE",
    "governance_mode":  "LOCKED",
    "result":  "SUCCESS",
    "timestamp_utc":  "2026-05-26T05:32:36.8662206Z",
    "integrity_results":  [
                              {
                                  "file":  "D:\\BossMind\\bossmind-shared\\prae\\runtime-ledger\\prae-runtime-ledger.json",
                                  "exists":  true,
                                  "integrity":  "VALID"
                              },
                              {
                                  "file":  "D:\\BossMind\\bossmind-shared\\prae\\checksums\\prae-checksum-registry.json",
                                  "exists":  true,
                                  "integrity":  "VALID"
                              },
                              {
                                  "file":  "D:\\BossMind\\bossmind-shared\\prae\\deployment-validation\\prae-deployment-authority.json",
                                  "exists":  true,
                                  "integrity":  "VALID"
                              },
                              {
                                  "file":  "D:\\BossMind\\bossmind-shared\\prae\\drift-detection\\prae-drift-authority.json",
                                  "exists":  true,
                                  "integrity":  "VALID"
                              },
                              {
                                  "file":  "D:\\BossMind\\bossmind-shared\\prae\\repair-simulation\\prae-repair-authority.json",
                                  "exists":  true,
                                  "integrity":  "VALID"
                              },
                              {
                                  "file":  "D:\\BossMind\\bossmind-shared\\prae\\authority\\prae-runtime-validation.json",
                                  "exists":  true,
                                  "integrity":  "VALID"
                              }
                          ],
    "event":  "PRAE_INTEGRITY_MONITOR"
}
{
    "routes":  [
                   {
                       "name":  "resumora-production-health",
                       "url":  "https://www.resumora.net/api/health",
                       "expected_status":  200,
                       "actual_status":  308,
                       "passed":  false
                   },
                   {
                       "name":  "resumora-orchestration-protected",
                       "url":  "https://www.resumora.net/api/orchestration/bossmind-health",
                       "expected_status":  401,
                       "actual_status":  308,
                       "passed":  false
                   }
               ],
    "auto_repair":  "DISABLED",
    "authority":  "PRAE",
    "production_mutation":  "NONE",
    "governance_mode":  "LOCKED",
    "result":  "ALERT",
    "timestamp_utc":  "2026-05-26T05:37:41.7859548Z",
    "event":  "PRAE_RUNTIME_ROUTE_VALIDATION"
}
{
    "auto_repair":  "DISABLED",
    "authority":  "PRAE",
    "production_mutation":  "NONE",
    "governance_mode":  "LOCKED",
    "result":  "SUCCESS",
    "timestamp_utc":  "2026-05-26T05:47:30.3698604Z",
    "integrity_results":  [
                              {
                                  "file":  "D:\\BossMind\\bossmind-shared\\prae\\runtime-ledger\\prae-runtime-ledger.json",
                                  "exists":  true,
                                  "integrity":  "VALID"
                              },
                              {
                                  "file":  "D:\\BossMind\\bossmind-shared\\prae\\checksums\\prae-checksum-registry.json",
                                  "exists":  true,
                                  "integrity":  "VALID"
                              },
                              {
                                  "file":  "D:\\BossMind\\bossmind-shared\\prae\\deployment-validation\\prae-deployment-authority.json",
                                  "exists":  true,
                                  "integrity":  "VALID"
                              },
                              {
                                  "file":  "D:\\BossMind\\bossmind-shared\\prae\\drift-detection\\prae-drift-authority.json",
                                  "exists":  true,
                                  "integrity":  "VALID"
                              },
                              {
                                  "file":  "D:\\BossMind\\bossmind-shared\\prae\\repair-simulation\\prae-repair-authority.json",
                                  "exists":  true,
                                  "integrity":  "VALID"
                              },
                              {
                                  "file":  "D:\\BossMind\\bossmind-shared\\prae\\authority\\prae-runtime-validation.json",
                                  "exists":  true,
                                  "integrity":  "VALID"
                              }
                          ],
    "event":  "PRAE_INTEGRITY_MONITOR"
}
{
    "routes":  [
                   {
                       "name":  "resumora-production-health",
                       "url":  "https://www.resumora.net/api/health",
                       "expected_status":  200,
                       "actual_status":  308,
                       "passed":  false
                   },
                   {
                       "name":  "resumora-orchestration-protected",
                       "url":  "https://www.resumora.net/api/orchestration/bossmind-health",
                       "expected_status":  401,
                       "actual_status":  308,
                       "passed":  false
                   }
               ],
    "auto_repair":  "DISABLED",
    "authority":  "PRAE",
    "production_mutation":  "NONE",
    "governance_mode":  "LOCKED",
    "result":  "ALERT",
    "timestamp_utc":  "2026-05-26T05:52:47.1827137Z",
    "event":  "PRAE_RUNTIME_ROUTE_VALIDATION"
}
{
    "auto_repair":  "DISABLED",
    "authority":  "PRAE",
    "production_mutation":  "NONE",
    "governance_mode":  "LOCKED",
    "result":  "SUCCESS",
    "timestamp_utc":  "2026-05-26T06:02:50.0326876Z",
    "integrity_results":  [
                              {
                                  "file":  "D:\\BossMind\\bossmind-shared\\prae\\runtime-ledger\\prae-runtime-ledger.json",
                                  "exists":  true,
                                  "integrity":  "VALID"
                              },
                              {
                                  "file":  "D:\\BossMind\\bossmind-shared\\prae\\checksums\\prae-checksum-registry.json",
                                  "exists":  true,
                                  "integrity":  "VALID"
                              },
                              {
                                  "file":  "D:\\BossMind\\bossmind-shared\\prae\\deployment-validation\\prae-deployment-authority.json",
                                  "exists":  true,
                                  "integrity":  "VALID"
                              },
                              {
                                  "file":  "D:\\BossMind\\bossmind-shared\\prae\\drift-detection\\prae-drift-authority.json",
                                  "exists":  true,
                                  "integrity":  "VALID"
                              },
                              {
                                  "file":  "D:\\BossMind\\bossmind-shared\\prae\\repair-simulation\\prae-repair-authority.json",
                                  "exists":  true,
                                  "integrity":  "VALID"
                              },
                              {
                                  "file":  "D:\\BossMind\\bossmind-shared\\prae\\authority\\prae-runtime-validation.json",
                                  "exists":  true,
                                  "integrity":  "VALID"
                              }
                          ],
    "event":  "PRAE_INTEGRITY_MONITOR"
}
{
    "routes":  [
                   {
                       "name":  "resumora-production-health",
                       "url":  "https://www.resumora.net/api/health",
                       "expected_status":  200,
                       "actual_status":  308,
                       "passed":  false
                   },
                   {
                       "name":  "resumora-orchestration-protected",
                       "url":  "https://www.resumora.net/api/orchestration/bossmind-health",
                       "expected_status":  401,
                       "actual_status":  308,
                       "passed":  false
                   }
               ],
    "auto_repair":  "DISABLED",
    "authority":  "PRAE",
    "production_mutation":  "NONE",
    "governance_mode":  "LOCKED",
    "result":  "ALERT",
    "timestamp_utc":  "2026-05-26T06:07:32.2501125Z",
    "event":  "PRAE_RUNTIME_ROUTE_VALIDATION"
}
{
    "auto_repair":  "DISABLED",
    "authority":  "PRAE",
    "production_mutation":  "NONE",
    "governance_mode":  "LOCKED",
    "result":  "SUCCESS",
    "timestamp_utc":  "2026-05-26T06:17:31.0174544Z",
    "integrity_results":  [
                              {
                                  "file":  "D:\\BossMind\\bossmind-shared\\prae\\runtime-ledger\\prae-runtime-ledger.json",
                                  "exists":  true,
                                  "integrity":  "VALID"
                              },
                              {
                                  "file":  "D:\\BossMind\\bossmind-shared\\prae\\checksums\\prae-checksum-registry.json",
                                  "exists":  true,
                                  "integrity":  "VALID"
                              },
                              {
                                  "file":  "D:\\BossMind\\bossmind-shared\\prae\\deployment-validation\\prae-deployment-authority.json",
                                  "exists":  true,
                                  "integrity":  "VALID"
                              },
                              {
                                  "file":  "D:\\BossMind\\bossmind-shared\\prae\\drift-detection\\prae-drift-authority.json",
                                  "exists":  true,
                                  "integrity":  "VALID"
                              },
                              {
                                  "file":  "D:\\BossMind\\bossmind-shared\\prae\\repair-simulation\\prae-repair-authority.json",
                                  "exists":  true,
                                  "integrity":  "VALID"
                              },
                              {
                                  "file":  "D:\\BossMind\\bossmind-shared\\prae\\authority\\prae-runtime-validation.json",
                                  "exists":  true,
                                  "integrity":  "VALID"
                              }
                          ],
    "event":  "PRAE_INTEGRITY_MONITOR"
}
{
    "routes":  [
                   {
                       "name":  "resumora-production-health",
                       "url":  "https://www.resumora.net/api/health",
                       "expected_status":  200,
                       "actual_status":  308,
                       "passed":  false
                   },
                   {
                       "name":  "resumora-orchestration-protected",
                       "url":  "https://www.resumora.net/api/orchestration/bossmind-health",
                       "expected_status":  401,
                       "actual_status":  308,
                       "passed":  false
                   }
               ],
    "auto_repair":  "DISABLED",
    "authority":  "PRAE",
    "production_mutation":  "NONE",
    "governance_mode":  "LOCKED",
    "result":  "ALERT",
    "timestamp_utc":  "2026-05-26T06:22:54.9063624Z",
    "event":  "PRAE_RUNTIME_ROUTE_VALIDATION"
}
{
    "auto_repair":  "DISABLED",
    "authority":  "PRAE",
    "production_mutation":  "NONE",
    "governance_mode":  "LOCKED",
    "result":  "SUCCESS",
    "timestamp_utc":  "2026-05-26T06:32:29.2578220Z",
    "integrity_results":  [
                              {
                                  "file":  "D:\\BossMind\\bossmind-shared\\prae\\runtime-ledger\\prae-runtime-ledger.json",
                                  "exists":  true,
                                  "integrity":  "VALID"
                              },
                              {
                                  "file":  "D:\\BossMind\\bossmind-shared\\prae\\checksums\\prae-checksum-registry.json",
                                  "exists":  true,
                                  "integrity":  "VALID"
                              },
                              {
                                  "file":  "D:\\BossMind\\bossmind-shared\\prae\\deployment-validation\\prae-deployment-authority.json",
                                  "exists":  true,
                                  "integrity":  "VALID"
                              },
                              {
                                  "file":  "D:\\BossMind\\bossmind-shared\\prae\\drift-detection\\prae-drift-authority.json",
                                  "exists":  true,
                                  "integrity":  "VALID"
                              },
                              {
                                  "file":  "D:\\BossMind\\bossmind-shared\\prae\\repair-simulation\\prae-repair-authority.json",
                                  "exists":  true,
                                  "integrity":  "VALID"
                              },
                              {
                                  "file":  "D:\\BossMind\\bossmind-shared\\prae\\authority\\prae-runtime-validation.json",
                                  "exists":  true,
                                  "integrity":  "VALID"
                              }
                          ],
    "event":  "PRAE_INTEGRITY_MONITOR"
}
{
    "routes":  [
                   {
                       "name":  "resumora-production-health",
                       "url":  "https://www.resumora.net/api/health",
                       "expected_status":  200,
                       "actual_status":  308,
                       "passed":  false
                   },
                   {
                       "name":  "resumora-orchestration-protected",
                       "url":  "https://www.resumora.net/api/orchestration/bossmind-health",
                       "expected_status":  401,
                       "actual_status":  308,
                       "passed":  false
                   }
               ],
    "auto_repair":  "DISABLED",
    "authority":  "PRAE",
    "production_mutation":  "NONE",
    "governance_mode":  "LOCKED",
    "result":  "ALERT",
    "timestamp_utc":  "2026-05-26T06:37:31.6810139Z",
    "event":  "PRAE_RUNTIME_ROUTE_VALIDATION"
}
{
    "auto_repair":  "DISABLED",
    "authority":  "PRAE",
    "production_mutation":  "NONE",
    "governance_mode":  "LOCKED",
    "result":  "SUCCESS",
    "timestamp_utc":  "2026-05-26T06:47:29.2130139Z",
    "integrity_results":  [
                              {
                                  "file":  "D:\\BossMind\\bossmind-shared\\prae\\runtime-ledger\\prae-runtime-ledger.json",
                                  "exists":  true,
                                  "integrity":  "VALID"
                              },
                              {
                                  "file":  "D:\\BossMind\\bossmind-shared\\prae\\checksums\\prae-checksum-registry.json",
                                  "exists":  true,
                                  "integrity":  "VALID"
                              },
                              {
                                  "file":  "D:\\BossMind\\bossmind-shared\\prae\\deployment-validation\\prae-deployment-authority.json",
                                  "exists":  true,
                                  "integrity":  "VALID"
                              },
                              {
                                  "file":  "D:\\BossMind\\bossmind-shared\\prae\\drift-detection\\prae-drift-authority.json",
                                  "exists":  true,
                                  "integrity":  "VALID"
                              },
                              {
                                  "file":  "D:\\BossMind\\bossmind-shared\\prae\\repair-simulation\\prae-repair-authority.json",
                                  "exists":  true,
                                  "integrity":  "VALID"
                              },
                              {
                                  "file":  "D:\\BossMind\\bossmind-shared\\prae\\authority\\prae-runtime-validation.json",
                                  "exists":  true,
                                  "integrity":  "VALID"
                              }
                          ],
    "event":  "PRAE_INTEGRITY_MONITOR"
}
{
    "routes":  [
                   {
                       "name":  "resumora-production-health",
                       "url":  "https://www.resumora.net/api/health",
                       "expected_status":  200,
                       "actual_status":  308,
                       "passed":  false
                   },
                   {
                       "name":  "resumora-orchestration-protected",
                       "url":  "https://www.resumora.net/api/orchestration/bossmind-health",
                       "expected_status":  401,
                       "actual_status":  308,
                       "passed":  false
                   }
               ],
    "auto_repair":  "DISABLED",
    "authority":  "PRAE",
    "production_mutation":  "NONE",
    "governance_mode":  "LOCKED",
    "result":  "ALERT",
    "timestamp_utc":  "2026-05-26T06:52:32.2553998Z",
    "event":  "PRAE_RUNTIME_ROUTE_VALIDATION"
}
{
    "routes":  [
                   {
                       "name":  "resumora-production-health",
                       "url":  "https://www.resumora.net/api/health",
                       "expected_status":  200,
                       "actual_status":  308,
                       "passed":  false
                   },
                   {
                       "name":  "resumora-orchestration-protected",
                       "url":  "https://www.resumora.net/api/orchestration/bossmind-health",
                       "expected_status":  401,
                       "actual_status":  308,
                       "passed":  false
                   }
               ],
    "auto_repair":  "DISABLED",
    "authority":  "PRAE",
    "production_mutation":  "NONE",
    "governance_mode":  "LOCKED",
    "result":  "ALERT",
    "timestamp_utc":  "2026-05-28T11:38:01.8375148Z",
    "event":  "PRAE_RUNTIME_ROUTE_VALIDATION"
}
{
    "auto_repair":  "DISABLED",
    "authority":  "PRAE",
    "production_mutation":  "NONE",
    "governance_mode":  "LOCKED",
    "result":  "SUCCESS",
    "timestamp_utc":  "2026-05-28T11:47:31.2823061Z",
    "integrity_results":  [
                              {
                                  "file":  "D:\\BossMind\\bossmind-shared\\prae\\runtime-ledger\\prae-runtime-ledger.json",
                                  "exists":  true,
                                  "integrity":  "VALID"
                              },
                              {
                                  "file":  "D:\\BossMind\\bossmind-shared\\prae\\checksums\\prae-checksum-registry.json",
                                  "exists":  true,
                                  "integrity":  "VALID"
                              },
                              {
                                  "file":  "D:\\BossMind\\bossmind-shared\\prae\\deployment-validation\\prae-deployment-authority.json",
                                  "exists":  true,
                                  "integrity":  "VALID"
                              },
                              {
                                  "file":  "D:\\BossMind\\bossmind-shared\\prae\\drift-detection\\prae-drift-authority.json",
                                  "exists":  true,
                                  "integrity":  "VALID"
                              },
                              {
                                  "file":  "D:\\BossMind\\bossmind-shared\\prae\\repair-simulation\\prae-repair-authority.json",
                                  "exists":  true,
                                  "integrity":  "VALID"
                              },
                              {
                                  "file":  "D:\\BossMind\\bossmind-shared\\prae\\authority\\prae-runtime-validation.json",
                                  "exists":  true,
                                  "integrity":  "VALID"
                              }
                          ],
    "event":  "PRAE_INTEGRITY_MONITOR"
}
{
    "routes":  [
                   {
                       "name":  "resumora-production-health",
                       "url":  "https://www.resumora.net/api/health",
                       "expected_status":  200,
                       "actual_status":  308,
                       "passed":  false
                   },
                   {
                       "name":  "resumora-orchestration-protected",
                       "url":  "https://www.resumora.net/api/orchestration/bossmind-health",
                       "expected_status":  401,
                       "actual_status":  308,
                       "passed":  false
                   }
               ],
    "auto_repair":  "DISABLED",
    "authority":  "PRAE",
    "production_mutation":  "NONE",
    "governance_mode":  "LOCKED",
    "result":  "ALERT",
    "timestamp_utc":  "2026-05-28T11:52:33.8584802Z",
    "event":  "PRAE_RUNTIME_ROUTE_VALIDATION"
}
{
    "auto_repair":  "DISABLED",
    "authority":  "PRAE",
    "production_mutation":  "NONE",
    "governance_mode":  "LOCKED",
    "result":  "SUCCESS",
    "timestamp_utc":  "2026-05-28T12:02:32.3951630Z",
    "integrity_results":  [
                              {
                                  "file":  "D:\\BossMind\\bossmind-shared\\prae\\runtime-ledger\\prae-runtime-ledger.json",
                                  "exists":  true,
                                  "integrity":  "VALID"
                              },
                              {
                                  "file":  "D:\\BossMind\\bossmind-shared\\prae\\checksums\\prae-checksum-registry.json",
                                  "exists":  true,
                                  "integrity":  "VALID"
                              },
                              {
                                  "file":  "D:\\BossMind\\bossmind-shared\\prae\\deployment-validation\\prae-deployment-authority.json",
                                  "exists":  true,
                                  "integrity":  "VALID"
                              },
                              {
                                  "file":  "D:\\BossMind\\bossmind-shared\\prae\\drift-detection\\prae-drift-authority.json",
                                  "exists":  true,
                                  "integrity":  "VALID"
                              },
                              {
                                  "file":  "D:\\BossMind\\bossmind-shared\\prae\\repair-simulation\\prae-repair-authority.json",
                                  "exists":  true,
                                  "integrity":  "VALID"
                              },
                              {
                                  "file":  "D:\\BossMind\\bossmind-shared\\prae\\authority\\prae-runtime-validation.json",
                                  "exists":  true,
                                  "integrity":  "VALID"
                              }
                          ],
    "event":  "PRAE_INTEGRITY_MONITOR"
}
{
    "routes":  [
                   {
                       "name":  "resumora-production-health",
                       "url":  "https://www.resumora.net/api/health",
                       "expected_status":  200,
                       "actual_status":  308,
                       "passed":  false
                   },
                   {
                       "name":  "resumora-orchestration-protected",
                       "url":  "https://www.resumora.net/api/orchestration/bossmind-health",
                       "expected_status":  401,
                       "actual_status":  308,
                       "passed":  false
                   }
               ],
    "auto_repair":  "DISABLED",
    "authority":  "PRAE",
    "production_mutation":  "NONE",
    "governance_mode":  "LOCKED",
    "result":  "ALERT",
    "timestamp_utc":  "2026-05-28T12:07:31.5889246Z",
    "event":  "PRAE_RUNTIME_ROUTE_VALIDATION"
}
{
    "auto_repair":  "DISABLED",
    "authority":  "PRAE",
    "production_mutation":  "NONE",
    "governance_mode":  "LOCKED",
    "result":  "SUCCESS",
    "timestamp_utc":  "2026-05-28T12:17:29.8483269Z",
    "integrity_results":  [
                              {
                                  "file":  "D:\\BossMind\\bossmind-shared\\prae\\runtime-ledger\\prae-runtime-ledger.json",
                                  "exists":  true,
                                  "integrity":  "VALID"
                              },
                              {
                                  "file":  "D:\\BossMind\\bossmind-shared\\prae\\checksums\\prae-checksum-registry.json",
                                  "exists":  true,
                                  "integrity":  "VALID"
                              },
                              {
                                  "file":  "D:\\BossMind\\bossmind-shared\\prae\\deployment-validation\\prae-deployment-authority.json",
                                  "exists":  true,
                                  "integrity":  "VALID"
                              },
                              {
                                  "file":  "D:\\BossMind\\bossmind-shared\\prae\\drift-detection\\prae-drift-authority.json",
                                  "exists":  true,
                                  "integrity":  "VALID"
                              },
                              {
                                  "file":  "D:\\BossMind\\bossmind-shared\\prae\\repair-simulation\\prae-repair-authority.json",
                                  "exists":  true,
                                  "integrity":  "VALID"
                              },
                              {
                                  "file":  "D:\\BossMind\\bossmind-shared\\prae\\authority\\prae-runtime-validation.json",
                                  "exists":  true,
                                  "integrity":  "VALID"
                              }
                          ],
    "event":  "PRAE_INTEGRITY_MONITOR"
}
{
    "routes":  [
                   {
                       "name":  "resumora-production-health",
                       "url":  "https://www.resumora.net/api/health",
                       "expected_status":  200,
                       "actual_status":  308,
                       "passed":  false
                   },
                   {
                       "name":  "resumora-orchestration-protected",
                       "url":  "https://www.resumora.net/api/orchestration/bossmind-health",
                       "expected_status":  401,
                       "actual_status":  308,
                       "passed":  false
                   }
               ],
    "auto_repair":  "DISABLED",
    "authority":  "PRAE",
    "production_mutation":  "NONE",
    "governance_mode":  "LOCKED",
    "result":  "ALERT",
    "timestamp_utc":  "2026-05-28T12:22:33.5837241Z",
    "event":  "PRAE_RUNTIME_ROUTE_VALIDATION"
}
{
    "auto_repair":  "DISABLED",
    "authority":  "PRAE",
    "production_mutation":  "NONE",
    "governance_mode":  "LOCKED",
    "result":  "SUCCESS",
    "timestamp_utc":  "2026-05-28T12:32:28.9839072Z",
    "integrity_results":  [
                              {
                                  "file":  "D:\\BossMind\\bossmind-shared\\prae\\runtime-ledger\\prae-runtime-ledger.json",
                                  "exists":  true,
                                  "integrity":  "VALID"
                              },
                              {
                                  "file":  "D:\\BossMind\\bossmind-shared\\prae\\checksums\\prae-checksum-registry.json",
                                  "exists":  true,
                                  "integrity":  "VALID"
                              },
                              {
                                  "file":  "D:\\BossMind\\bossmind-shared\\prae\\deployment-validation\\prae-deployment-authority.json",
                                  "exists":  true,
                                  "integrity":  "VALID"
                              },
                              {
                                  "file":  "D:\\BossMind\\bossmind-shared\\prae\\drift-detection\\prae-drift-authority.json",
                                  "exists":  true,
                                  "integrity":  "VALID"
                              },
                              {
                                  "file":  "D:\\BossMind\\bossmind-shared\\prae\\repair-simulation\\prae-repair-authority.json",
                                  "exists":  true,
                                  "integrity":  "VALID"
                              },
                              {
                                  "file":  "D:\\BossMind\\bossmind-shared\\prae\\authority\\prae-runtime-validation.json",
                                  "exists":  true,
                                  "integrity":  "VALID"
                              }
                          ],
    "event":  "PRAE_INTEGRITY_MONITOR"
}
{
    "routes":  [
                   {
                       "name":  "resumora-production-health",
                       "url":  "https://www.resumora.net/api/health",
                       "expected_status":  200,
                       "actual_status":  308,
                       "passed":  false
                   },
                   {
                       "name":  "resumora-orchestration-protected",
                       "url":  "https://www.resumora.net/api/orchestration/bossmind-health",
                       "expected_status":  401,
                       "actual_status":  308,
                       "passed":  false
                   }
               ],
    "auto_repair":  "DISABLED",
    "authority":  "PRAE",
    "production_mutation":  "NONE",
    "governance_mode":  "LOCKED",
    "result":  "ALERT",
    "timestamp_utc":  "2026-05-28T12:37:37.2038054Z",
    "event":  "PRAE_RUNTIME_ROUTE_VALIDATION"
}
{
    "auto_repair":  "DISABLED",
    "authority":  "PRAE",
    "production_mutation":  "NONE",
    "governance_mode":  "LOCKED",
    "result":  "SUCCESS",
    "timestamp_utc":  "2026-05-28T12:47:28.7806767Z",
    "integrity_results":  [
                              {
                                  "file":  "D:\\BossMind\\bossmind-shared\\prae\\runtime-ledger\\prae-runtime-ledger.json",
                                  "exists":  true,
                                  "integrity":  "VALID"
                              },
                              {
                                  "file":  "D:\\BossMind\\bossmind-shared\\prae\\checksums\\prae-checksum-registry.json",
                                  "exists":  true,
                                  "integrity":  "VALID"
                              },
                              {
                                  "file":  "D:\\BossMind\\bossmind-shared\\prae\\deployment-validation\\prae-deployment-authority.json",
                                  "exists":  true,
                                  "integrity":  "VALID"
                              },
                              {
                                  "file":  "D:\\BossMind\\bossmind-shared\\prae\\drift-detection\\prae-drift-authority.json",
                                  "exists":  true,
                                  "integrity":  "VALID"
                              },
                              {
                                  "file":  "D:\\BossMind\\bossmind-shared\\prae\\repair-simulation\\prae-repair-authority.json",
                                  "exists":  true,
                                  "integrity":  "VALID"
                              },
                              {
                                  "file":  "D:\\BossMind\\bossmind-shared\\prae\\authority\\prae-runtime-validation.json",
                                  "exists":  true,
                                  "integrity":  "VALID"
                              }
                          ],
    "event":  "PRAE_INTEGRITY_MONITOR"
}
{
    "routes":  [
                   {
                       "name":  "resumora-production-health",
                       "url":  "https://www.resumora.net/api/health",
                       "expected_status":  200,
                       "actual_status":  308,
                       "passed":  false
                   },
                   {
                       "name":  "resumora-orchestration-protected",
                       "url":  "https://www.resumora.net/api/orchestration/bossmind-health",
                       "expected_status":  401,
                       "actual_status":  308,
                       "passed":  false
                   }
               ],
    "auto_repair":  "DISABLED",
    "authority":  "PRAE",
    "production_mutation":  "NONE",
    "governance_mode":  "LOCKED",
    "result":  "ALERT",
    "timestamp_utc":  "2026-05-28T12:52:31.0754961Z",
    "event":  "PRAE_RUNTIME_ROUTE_VALIDATION"
}
{
    "auto_repair":  "DISABLED",
    "authority":  "PRAE",
    "production_mutation":  "NONE",
    "governance_mode":  "LOCKED",
    "result":  "SUCCESS",
    "timestamp_utc":  "2026-05-28T13:02:28.9443836Z",
    "integrity_results":  [
                              {
                                  "file":  "D:\\BossMind\\bossmind-shared\\prae\\runtime-ledger\\prae-runtime-ledger.json",
                                  "exists":  true,
                                  "integrity":  "VALID"
                              },
                              {
                                  "file":  "D:\\BossMind\\bossmind-shared\\prae\\checksums\\prae-checksum-registry.json",
                                  "exists":  true,
                                  "integrity":  "VALID"
                              },
                              {
                                  "file":  "D:\\BossMind\\bossmind-shared\\prae\\deployment-validation\\prae-deployment-authority.json",
                                  "exists":  true,
                                  "integrity":  "VALID"
                              },
                              {
                                  "file":  "D:\\BossMind\\bossmind-shared\\prae\\drift-detection\\prae-drift-authority.json",
                                  "exists":  true,
                                  "integrity":  "VALID"
                              },
                              {
                                  "file":  "D:\\BossMind\\bossmind-shared\\prae\\repair-simulation\\prae-repair-authority.json",
                                  "exists":  true,
                                  "integrity":  "VALID"
                              },
                              {
                                  "file":  "D:\\BossMind\\bossmind-shared\\prae\\authority\\prae-runtime-validation.json",
                                  "exists":  true,
                                  "integrity":  "VALID"
                              }
                          ],
    "event":  "PRAE_INTEGRITY_MONITOR"
}
{
    "routes":  [
                   {
                       "name":  "resumora-production-health",
                       "url":  "https://www.resumora.net/api/health",
                       "expected_status":  200,
                       "actual_status":  308,
                       "passed":  false
                   },
                   {
                       "name":  "resumora-orchestration-protected",
                       "url":  "https://www.resumora.net/api/orchestration/bossmind-health",
                       "expected_status":  401,
                       "actual_status":  308,
                       "passed":  false
                   }
               ],
    "auto_repair":  "DISABLED",
    "authority":  "PRAE",
    "production_mutation":  "NONE",
    "governance_mode":  "LOCKED",
    "result":  "ALERT",
    "timestamp_utc":  "2026-05-28T13:07:31.1321069Z",
    "event":  "PRAE_RUNTIME_ROUTE_VALIDATION"
}
{
    "auto_repair":  "DISABLED",
    "authority":  "PRAE",
    "production_mutation":  "NONE",
    "governance_mode":  "LOCKED",
    "result":  "SUCCESS",
    "timestamp_utc":  "2026-05-28T13:17:28.8428423Z",
    "integrity_results":  [
                              {
                                  "file":  "D:\\BossMind\\bossmind-shared\\prae\\runtime-ledger\\prae-runtime-ledger.json",
                                  "exists":  true,
                                  "integrity":  "VALID"
                              },
                              {
                                  "file":  "D:\\BossMind\\bossmind-shared\\prae\\checksums\\prae-checksum-registry.json",
                                  "exists":  true,
                                  "integrity":  "VALID"
                              },
                              {
                                  "file":  "D:\\BossMind\\bossmind-shared\\prae\\deployment-validation\\prae-deployment-authority.json",
                                  "exists":  true,
                                  "integrity":  "VALID"
                              },
                              {
                                  "file":  "D:\\BossMind\\bossmind-shared\\prae\\drift-detection\\prae-drift-authority.json",
                                  "exists":  true,
                                  "integrity":  "VALID"
                              },
                              {
                                  "file":  "D:\\BossMind\\bossmind-shared\\prae\\repair-simulation\\prae-repair-authority.json",
                                  "exists":  true,
                                  "integrity":  "VALID"
                              },
                              {
                                  "file":  "D:\\BossMind\\bossmind-shared\\prae\\authority\\prae-runtime-validation.json",
                                  "exists":  true,
                                  "integrity":  "VALID"
                              }
                          ],
    "event":  "PRAE_INTEGRITY_MONITOR"
}
{
    "routes":  [
                   {
                       "name":  "resumora-production-health",
                       "url":  "https://www.resumora.net/api/health",
                       "expected_status":  200,
                       "actual_status":  308,
                       "passed":  false
                   },
                   {
                       "name":  "resumora-orchestration-protected",
                       "url":  "https://www.resumora.net/api/orchestration/bossmind-health",
                       "expected_status":  401,
                       "actual_status":  308,
                       "passed":  false
                   }
               ],
    "auto_repair":  "DISABLED",
    "authority":  "PRAE",
    "production_mutation":  "NONE",
    "governance_mode":  "LOCKED",
    "result":  "ALERT",
    "timestamp_utc":  "2026-05-28T13:22:30.9268830Z",
    "event":  "PRAE_RUNTIME_ROUTE_VALIDATION"
}
{
    "auto_repair":  "DISABLED",
    "authority":  "PRAE",
    "production_mutation":  "NONE",
    "governance_mode":  "LOCKED",
    "result":  "SUCCESS",
    "timestamp_utc":  "2026-05-28T13:32:28.8046454Z",
    "integrity_results":  [
                              {
                                  "file":  "D:\\BossMind\\bossmind-shared\\prae\\runtime-ledger\\prae-runtime-ledger.json",
                                  "exists":  true,
                                  "integrity":  "VALID"
                              },
                              {
                                  "file":  "D:\\BossMind\\bossmind-shared\\prae\\checksums\\prae-checksum-registry.json",
                                  "exists":  true,
                                  "integrity":  "VALID"
                              },
                              {
                                  "file":  "D:\\BossMind\\bossmind-shared\\prae\\deployment-validation\\prae-deployment-authority.json",
                                  "exists":  true,
                                  "integrity":  "VALID"
                              },
                              {
                                  "file":  "D:\\BossMind\\bossmind-shared\\prae\\drift-detection\\prae-drift-authority.json",
                                  "exists":  true,
                                  "integrity":  "VALID"
                              },
                              {
                                  "file":  "D:\\BossMind\\bossmind-shared\\prae\\repair-simulation\\prae-repair-authority.json",
                                  "exists":  true,
                                  "integrity":  "VALID"
                              },
                              {
                                  "file":  "D:\\BossMind\\bossmind-shared\\prae\\authority\\prae-runtime-validation.json",
                                  "exists":  true,
                                  "integrity":  "VALID"
                              }
                          ],
    "event":  "PRAE_INTEGRITY_MONITOR"
}
{
    "routes":  [
                   {
                       "name":  "resumora-production-health",
                       "url":  "https://www.resumora.net/api/health",
                       "expected_status":  200,
                       "actual_status":  308,
                       "passed":  false
                   },
                   {
                       "name":  "resumora-orchestration-protected",
                       "url":  "https://www.resumora.net/api/orchestration/bossmind-health",
                       "expected_status":  401,
                       "actual_status":  308,
                       "passed":  false
                   }
               ],
    "auto_repair":  "DISABLED",
    "authority":  "PRAE",
    "production_mutation":  "NONE",
    "governance_mode":  "LOCKED",
    "result":  "ALERT",
    "timestamp_utc":  "2026-05-28T13:37:31.3013860Z",
    "event":  "PRAE_RUNTIME_ROUTE_VALIDATION"
}
{
    "auto_repair":  "DISABLED",
    "authority":  "PRAE",
    "production_mutation":  "NONE",
    "governance_mode":  "LOCKED",
    "result":  "SUCCESS",
    "timestamp_utc":  "2026-05-28T13:47:28.8329471Z",
    "integrity_results":  [
                              {
                                  "file":  "D:\\BossMind\\bossmind-shared\\prae\\runtime-ledger\\prae-runtime-ledger.json",
                                  "exists":  true,
                                  "integrity":  "VALID"
                              },
                              {
                                  "file":  "D:\\BossMind\\bossmind-shared\\prae\\checksums\\prae-checksum-registry.json",
                                  "exists":  true,
                                  "integrity":  "VALID"
                              },
                              {
                                  "file":  "D:\\BossMind\\bossmind-shared\\prae\\deployment-validation\\prae-deployment-authority.json",
                                  "exists":  true,
                                  "integrity":  "VALID"
                              },
                              {
                                  "file":  "D:\\BossMind\\bossmind-shared\\prae\\drift-detection\\prae-drift-authority.json",
                                  "exists":  true,
                                  "integrity":  "VALID"
                              },
                              {
                                  "file":  "D:\\BossMind\\bossmind-shared\\prae\\repair-simulation\\prae-repair-authority.json",
                                  "exists":  true,
                                  "integrity":  "VALID"
                              },
                              {
                                  "file":  "D:\\BossMind\\bossmind-shared\\prae\\authority\\prae-runtime-validation.json",
                                  "exists":  true,
                                  "integrity":  "VALID"
                              }
                          ],
    "event":  "PRAE_INTEGRITY_MONITOR"
}
{
    "routes":  [
                   {
                       "name":  "resumora-production-health",
                       "url":  "https://www.resumora.net/api/health",
                       "expected_status":  200,
                       "actual_status":  308,
                       "passed":  false
                   },
                   {
                       "name":  "resumora-orchestration-protected",
                       "url":  "https://www.resumora.net/api/orchestration/bossmind-health",
                       "expected_status":  401,
                       "actual_status":  308,
                       "passed":  false
                   }
               ],
    "auto_repair":  "DISABLED",
    "authority":  "PRAE",
    "production_mutation":  "NONE",
    "governance_mode":  "LOCKED",
    "result":  "ALERT",
    "timestamp_utc":  "2026-05-28T13:52:30.9384999Z",
    "event":  "PRAE_RUNTIME_ROUTE_VALIDATION"
}
{
    "auto_repair":  "DISABLED",
    "authority":  "PRAE",
    "production_mutation":  "NONE",
    "governance_mode":  "LOCKED",
    "result":  "SUCCESS",
    "timestamp_utc":  "2026-05-28T14:02:28.8522171Z",
    "integrity_results":  [
                              {
                                  "file":  "D:\\BossMind\\bossmind-shared\\prae\\runtime-ledger\\prae-runtime-ledger.json",
                                  "exists":  true,
                                  "integrity":  "VALID"
                              },
                              {
                                  "file":  "D:\\BossMind\\bossmind-shared\\prae\\checksums\\prae-checksum-registry.json",
                                  "exists":  true,
                                  "integrity":  "VALID"
                              },
                              {
                                  "file":  "D:\\BossMind\\bossmind-shared\\prae\\deployment-validation\\prae-deployment-authority.json",
                                  "exists":  true,
                                  "integrity":  "VALID"
                              },
                              {
                                  "file":  "D:\\BossMind\\bossmind-shared\\prae\\drift-detection\\prae-drift-authority.json",
                                  "exists":  true,
                                  "integrity":  "VALID"
                              },
                              {
                                  "file":  "D:\\BossMind\\bossmind-shared\\prae\\repair-simulation\\prae-repair-authority.json",
                                  "exists":  true,
                                  "integrity":  "VALID"
                              },
                              {
                                  "file":  "D:\\BossMind\\bossmind-shared\\prae\\authority\\prae-runtime-validation.json",
                                  "exists":  true,
                                  "integrity":  "VALID"
                              }
                          ],
    "event":  "PRAE_INTEGRITY_MONITOR"
}
{
    "routes":  [
                   {
                       "name":  "resumora-production-health",
                       "url":  "https://www.resumora.net/api/health",
                       "expected_status":  200,
                       "actual_status":  308,
                       "passed":  false
                   },
                   {
                       "name":  "resumora-orchestration-protected",
                       "url":  "https://www.resumora.net/api/orchestration/bossmind-health",
                       "expected_status":  401,
                       "actual_status":  308,
                       "passed":  false
                   }
               ],
    "auto_repair":  "DISABLED",
    "authority":  "PRAE",
    "production_mutation":  "NONE",
    "governance_mode":  "LOCKED",
    "result":  "ALERT",
    "timestamp_utc":  "2026-05-28T14:07:31.0488447Z",
    "event":  "PRAE_RUNTIME_ROUTE_VALIDATION"
}
{
    "auto_repair":  "DISABLED",
    "authority":  "PRAE",
    "production_mutation":  "NONE",
    "governance_mode":  "LOCKED",
    "result":  "SUCCESS",
    "timestamp_utc":  "2026-05-28T14:17:28.7791211Z",
    "integrity_results":  [
                              {
                                  "file":  "D:\\BossMind\\bossmind-shared\\prae\\runtime-ledger\\prae-runtime-ledger.json",
                                  "exists":  true,
                                  "integrity":  "VALID"
                              },
                              {
                                  "file":  "D:\\BossMind\\bossmind-shared\\prae\\checksums\\prae-checksum-registry.json",
                                  "exists":  true,
                                  "integrity":  "VALID"
                              },
                              {
                                  "file":  "D:\\BossMind\\bossmind-shared\\prae\\deployment-validation\\prae-deployment-authority.json",
                                  "exists":  true,
                                  "integrity":  "VALID"
                              },
                              {
                                  "file":  "D:\\BossMind\\bossmind-shared\\prae\\drift-detection\\prae-drift-authority.json",
                                  "exists":  true,
                                  "integrity":  "VALID"
                              },
                              {
                                  "file":  "D:\\BossMind\\bossmind-shared\\prae\\repair-simulation\\prae-repair-authority.json",
                                  "exists":  true,
                                  "integrity":  "VALID"
                              },
                              {
                                  "file":  "D:\\BossMind\\bossmind-shared\\prae\\authority\\prae-runtime-validation.json",
                                  "exists":  true,
                                  "integrity":  "VALID"
                              }
                          ],
    "event":  "PRAE_INTEGRITY_MONITOR"
}
{
    "routes":  [
                   {
                       "name":  "resumora-production-health",
                       "url":  "https://www.resumora.net/api/health",
                       "expected_status":  200,
                       "actual_status":  308,
                       "passed":  false
                   },
                   {
                       "name":  "resumora-orchestration-protected",
                       "url":  "https://www.resumora.net/api/orchestration/bossmind-health",
                       "expected_status":  401,
                       "actual_status":  308,
                       "passed":  false
                   }
               ],
    "auto_repair":  "DISABLED",
    "authority":  "PRAE",
    "production_mutation":  "NONE",
    "governance_mode":  "LOCKED",
    "result":  "ALERT",
    "timestamp_utc":  "2026-05-28T14:22:31.9528057Z",
    "event":  "PRAE_RUNTIME_ROUTE_VALIDATION"
}
{
    "auto_repair":  "DISABLED",
    "authority":  "PRAE",
    "production_mutation":  "NONE",
    "governance_mode":  "LOCKED",
    "result":  "SUCCESS",
    "timestamp_utc":  "2026-05-28T14:32:30.1405395Z",
    "integrity_results":  [
                              {
                                  "file":  "D:\\BossMind\\bossmind-shared\\prae\\runtime-ledger\\prae-runtime-ledger.json",
                                  "exists":  true,
                                  "integrity":  "VALID"
                              },
                              {
                                  "file":  "D:\\BossMind\\bossmind-shared\\prae\\checksums\\prae-checksum-registry.json",
                                  "exists":  true,
                                  "integrity":  "VALID"
                              },
                              {
                                  "file":  "D:\\BossMind\\bossmind-shared\\prae\\deployment-validation\\prae-deployment-authority.json",
                                  "exists":  true,
                                  "integrity":  "VALID"
                              },
                              {
                                  "file":  "D:\\BossMind\\bossmind-shared\\prae\\drift-detection\\prae-drift-authority.json",
                                  "exists":  true,
                                  "integrity":  "VALID"
                              },
                              {
                                  "file":  "D:\\BossMind\\bossmind-shared\\prae\\repair-simulation\\prae-repair-authority.json",
                                  "exists":  true,
                                  "integrity":  "VALID"
                              },
                              {
                                  "file":  "D:\\BossMind\\bossmind-shared\\prae\\authority\\prae-runtime-validation.json",
                                  "exists":  true,
                                  "integrity":  "VALID"
                              }
                          ],
    "event":  "PRAE_INTEGRITY_MONITOR"
}
{
    "routes":  [
                   {
                       "name":  "resumora-production-health",
                       "url":  "https://www.resumora.net/api/health",
                       "expected_status":  200,
                       "actual_status":  308,
                       "passed":  false
                   },
                   {
                       "name":  "resumora-orchestration-protected",
                       "url":  "https://www.resumora.net/api/orchestration/bossmind-health",
                       "expected_status":  401,
                       "actual_status":  308,
                       "passed":  false
                   }
               ],
    "auto_repair":  "DISABLED",
    "authority":  "PRAE",
    "production_mutation":  "NONE",
    "governance_mode":  "LOCKED",
    "result":  "ALERT",
    "timestamp_utc":  "2026-05-28T14:37:36.6806992Z",
    "event":  "PRAE_RUNTIME_ROUTE_VALIDATION"
}
{
    "auto_repair":  "DISABLED",
    "authority":  "PRAE",
    "production_mutation":  "NONE",
    "governance_mode":  "LOCKED",
    "result":  "SUCCESS",
    "timestamp_utc":  "2026-05-28T14:47:29.1936776Z",
    "integrity_results":  [
                              {
                                  "file":  "D:\\BossMind\\bossmind-shared\\prae\\runtime-ledger\\prae-runtime-ledger.json",
                                  "exists":  true,
                                  "integrity":  "VALID"
                              },
                              {
                                  "file":  "D:\\BossMind\\bossmind-shared\\prae\\checksums\\prae-checksum-registry.json",
                                  "exists":  true,
                                  "integrity":  "VALID"
                              },
                              {
                                  "file":  "D:\\BossMind\\bossmind-shared\\prae\\deployment-validation\\prae-deployment-authority.json",
                                  "exists":  true,
                                  "integrity":  "VALID"
                              },
                              {
                                  "file":  "D:\\BossMind\\bossmind-shared\\prae\\drift-detection\\prae-drift-authority.json",
                                  "exists":  true,
                                  "integrity":  "VALID"
                              },
                              {
                                  "file":  "D:\\BossMind\\bossmind-shared\\prae\\repair-simulation\\prae-repair-authority.json",
                                  "exists":  true,
                                  "integrity":  "VALID"
                              },
                              {
                                  "file":  "D:\\BossMind\\bossmind-shared\\prae\\authority\\prae-runtime-validation.json",
                                  "exists":  true,
                                  "integrity":  "VALID"
                              }
                          ],
    "event":  "PRAE_INTEGRITY_MONITOR"
}
{
    "routes":  [
                   {
                       "name":  "resumora-production-health",
                       "url":  "https://www.resumora.net/api/health",
                       "expected_status":  200,
                       "actual_status":  308,
                       "passed":  false
                   },
                   {
                       "name":  "resumora-orchestration-protected",
                       "url":  "https://www.resumora.net/api/orchestration/bossmind-health",
                       "expected_status":  401,
                       "actual_status":  308,
                       "passed":  false
                   }
               ],
    "auto_repair":  "DISABLED",
    "authority":  "PRAE",
    "production_mutation":  "NONE",
    "governance_mode":  "LOCKED",
    "result":  "ALERT",
    "timestamp_utc":  "2026-05-28T15:17:33.9462402Z",
    "event":  "PRAE_RUNTIME_ROUTE_VALIDATION"
}
{
    "auto_repair":  "DISABLED",
    "authority":  "PRAE",
    "production_mutation":  "NONE",
    "governance_mode":  "LOCKED",
    "result":  "SUCCESS",
    "timestamp_utc":  "2026-05-28T15:17:34.1364047Z",
    "integrity_results":  [
                              {
                                  "file":  "D:\\BossMind\\bossmind-shared\\prae\\runtime-ledger\\prae-runtime-ledger.json",
                                  "exists":  true,
                                  "integrity":  "VALID"
                              },
                              {
                                  "file":  "D:\\BossMind\\bossmind-shared\\prae\\checksums\\prae-checksum-registry.json",
                                  "exists":  true,
                                  "integrity":  "VALID"
                              },
                              {
                                  "file":  "D:\\BossMind\\bossmind-shared\\prae\\deployment-validation\\prae-deployment-authority.json",
                                  "exists":  true,
                                  "integrity":  "VALID"
                              },
                              {
                                  "file":  "D:\\BossMind\\bossmind-shared\\prae\\drift-detection\\prae-drift-authority.json",
                                  "exists":  true,
                                  "integrity":  "VALID"
                              },
                              {
                                  "file":  "D:\\BossMind\\bossmind-shared\\prae\\repair-simulation\\prae-repair-authority.json",
                                  "exists":  true,
                                  "integrity":  "VALID"
                              },
                              {
                                  "file":  "D:\\BossMind\\bossmind-shared\\prae\\authority\\prae-runtime-validation.json",
                                  "exists":  true,
                                  "integrity":  "VALID"
                              }
                          ],
    "event":  "PRAE_INTEGRITY_MONITOR"
}
{
    "routes":  [
                   {
                       "name":  "resumora-production-health",
                       "url":  "https://www.resumora.net/api/health",
                       "expected_status":  200,
                       "actual_status":  308,
                       "passed":  false
                   },
                   {
                       "name":  "resumora-orchestration-protected",
                       "url":  "https://www.resumora.net/api/orchestration/bossmind-health",
                       "expected_status":  401,
                       "actual_status":  308,
                       "passed":  false
                   }
               ],
    "auto_repair":  "DISABLED",
    "authority":  "PRAE",
    "production_mutation":  "NONE",
    "governance_mode":  "LOCKED",
    "result":  "ALERT",
    "timestamp_utc":  "2026-05-28T15:22:31.0948235Z",
    "event":  "PRAE_RUNTIME_ROUTE_VALIDATION"
}
{
    "auto_repair":  "DISABLED",
    "authority":  "PRAE",
    "production_mutation":  "NONE",
    "governance_mode":  "LOCKED",
    "result":  "SUCCESS",
    "timestamp_utc":  "2026-05-28T15:32:28.5657205Z",
    "integrity_results":  [
                              {
                                  "file":  "D:\\BossMind\\bossmind-shared\\prae\\runtime-ledger\\prae-runtime-ledger.json",
                                  "exists":  true,
                                  "integrity":  "VALID"
                              },
                              {
                                  "file":  "D:\\BossMind\\bossmind-shared\\prae\\checksums\\prae-checksum-registry.json",
                                  "exists":  true,
                                  "integrity":  "VALID"
                              },
                              {
                                  "file":  "D:\\BossMind\\bossmind-shared\\prae\\deployment-validation\\prae-deployment-authority.json",
                                  "exists":  true,
                                  "integrity":  "VALID"
                              },
                              {
                                  "file":  "D:\\BossMind\\bossmind-shared\\prae\\drift-detection\\prae-drift-authority.json",
                                  "exists":  true,
                                  "integrity":  "VALID"
                              },
                              {
                                  "file":  "D:\\BossMind\\bossmind-shared\\prae\\repair-simulation\\prae-repair-authority.json",
                                  "exists":  true,
                                  "integrity":  "VALID"
                              },
                              {
                                  "file":  "D:\\BossMind\\bossmind-shared\\prae\\authority\\prae-runtime-validation.json",
                                  "exists":  true,
                                  "integrity":  "VALID"
                              }
                          ],
    "event":  "PRAE_INTEGRITY_MONITOR"
}
{
    "routes":  [
                   {
                       "name":  "resumora-production-health",
                       "url":  "https://www.resumora.net/api/health",
                       "expected_status":  200,
                       "actual_status":  308,
                       "passed":  false
                   },
                   {
                       "name":  "resumora-orchestration-protected",
                       "url":  "https://www.resumora.net/api/orchestration/bossmind-health",
                       "expected_status":  401,
                       "actual_status":  308,
                       "passed":  false
                   }
               ],
    "auto_repair":  "DISABLED",
    "authority":  "PRAE",
    "production_mutation":  "NONE",
    "governance_mode":  "LOCKED",
    "result":  "ALERT",
    "timestamp_utc":  "2026-05-28T15:37:31.1037717Z",
    "event":  "PRAE_RUNTIME_ROUTE_VALIDATION"
}
{
    "auto_repair":  "DISABLED",
    "authority":  "PRAE",
    "production_mutation":  "NONE",
    "governance_mode":  "LOCKED",
    "result":  "SUCCESS",
    "timestamp_utc":  "2026-05-28T15:47:28.5413386Z",
    "integrity_results":  [
                              {
                                  "file":  "D:\\BossMind\\bossmind-shared\\prae\\runtime-ledger\\prae-runtime-ledger.json",
                                  "exists":  true,
                                  "integrity":  "VALID"
                              },
                              {
                                  "file":  "D:\\BossMind\\bossmind-shared\\prae\\checksums\\prae-checksum-registry.json",
                                  "exists":  true,
                                  "integrity":  "VALID"
                              },
                              {
                                  "file":  "D:\\BossMind\\bossmind-shared\\prae\\deployment-validation\\prae-deployment-authority.json",
                                  "exists":  true,
                                  "integrity":  "VALID"
                              },
                              {
                                  "file":  "D:\\BossMind\\bossmind-shared\\prae\\drift-detection\\prae-drift-authority.json",
                                  "exists":  true,
                                  "integrity":  "VALID"
                              },
                              {
                                  "file":  "D:\\BossMind\\bossmind-shared\\prae\\repair-simulation\\prae-repair-authority.json",
                                  "exists":  true,
                                  "integrity":  "VALID"
                              },
                              {
                                  "file":  "D:\\BossMind\\bossmind-shared\\prae\\authority\\prae-runtime-validation.json",
                                  "exists":  true,
                                  "integrity":  "VALID"
                              }
                          ],
    "event":  "PRAE_INTEGRITY_MONITOR"
}
{
    "routes":  [
                   {
                       "name":  "resumora-production-health",
                       "url":  "https://www.resumora.net/api/health",
                       "expected_status":  200,
                       "actual_status":  308,
                       "passed":  false
                   },
                   {
                       "name":  "resumora-orchestration-protected",
                       "url":  "https://www.resumora.net/api/orchestration/bossmind-health",
                       "expected_status":  401,
                       "actual_status":  308,
                       "passed":  false
                   }
               ],
    "auto_repair":  "DISABLED",
    "authority":  "PRAE",
    "production_mutation":  "NONE",
    "governance_mode":  "LOCKED",
    "result":  "ALERT",
    "timestamp_utc":  "2026-05-28T15:52:31.2142740Z",
    "event":  "PRAE_RUNTIME_ROUTE_VALIDATION"
}
{
    "auto_repair":  "DISABLED",
    "authority":  "PRAE",
    "production_mutation":  "NONE",
    "governance_mode":  "LOCKED",
    "result":  "SUCCESS",
    "timestamp_utc":  "2026-05-28T16:02:28.9438666Z",
    "integrity_results":  [
                              {
                                  "file":  "D:\\BossMind\\bossmind-shared\\prae\\runtime-ledger\\prae-runtime-ledger.json",
                                  "exists":  true,
                                  "integrity":  "VALID"
                              },
                              {
                                  "file":  "D:\\BossMind\\bossmind-shared\\prae\\checksums\\prae-checksum-registry.json",
                                  "exists":  true,
                                  "integrity":  "VALID"
                              },
                              {
                                  "file":  "D:\\BossMind\\bossmind-shared\\prae\\deployment-validation\\prae-deployment-authority.json",
                                  "exists":  true,
                                  "integrity":  "VALID"
                              },
                              {
                                  "file":  "D:\\BossMind\\bossmind-shared\\prae\\drift-detection\\prae-drift-authority.json",
                                  "exists":  true,
                                  "integrity":  "VALID"
                              },
                              {
                                  "file":  "D:\\BossMind\\bossmind-shared\\prae\\repair-simulation\\prae-repair-authority.json",
                                  "exists":  true,
                                  "integrity":  "VALID"
                              },
                              {
                                  "file":  "D:\\BossMind\\bossmind-shared\\prae\\authority\\prae-runtime-validation.json",
                                  "exists":  true,
                                  "integrity":  "VALID"
                              }
                          ],
    "event":  "PRAE_INTEGRITY_MONITOR"
}
{
    "routes":  [
                   {
                       "name":  "resumora-production-health",
                       "url":  "https://www.resumora.net/api/health",
                       "expected_status":  200,
                       "actual_status":  308,
                       "passed":  false
                   },
                   {
                       "name":  "resumora-orchestration-protected",
                       "url":  "https://www.resumora.net/api/orchestration/bossmind-health",
                       "expected_status":  401,
                       "actual_status":  308,
                       "passed":  false
                   }
               ],
    "auto_repair":  "DISABLED",
    "authority":  "PRAE",
    "production_mutation":  "NONE",
    "governance_mode":  "LOCKED",
    "result":  "ALERT",
    "timestamp_utc":  "2026-05-28T16:07:31.1466790Z",
    "event":  "PRAE_RUNTIME_ROUTE_VALIDATION"
}
{
    "auto_repair":  "DISABLED",
    "authority":  "PRAE",
    "production_mutation":  "NONE",
    "governance_mode":  "LOCKED",
    "result":  "SUCCESS",
    "timestamp_utc":  "2026-05-28T16:17:28.5971142Z",
    "integrity_results":  [
                              {
                                  "file":  "D:\\BossMind\\bossmind-shared\\prae\\runtime-ledger\\prae-runtime-ledger.json",
                                  "exists":  true,
                                  "integrity":  "VALID"
                              },
                              {
                                  "file":  "D:\\BossMind\\bossmind-shared\\prae\\checksums\\prae-checksum-registry.json",
                                  "exists":  true,
                                  "integrity":  "VALID"
                              },
                              {
                                  "file":  "D:\\BossMind\\bossmind-shared\\prae\\deployment-validation\\prae-deployment-authority.json",
                                  "exists":  true,
                                  "integrity":  "VALID"
                              },
                              {
                                  "file":  "D:\\BossMind\\bossmind-shared\\prae\\drift-detection\\prae-drift-authority.json",
                                  "exists":  true,
                                  "integrity":  "VALID"
                              },
                              {
                                  "file":  "D:\\BossMind\\bossmind-shared\\prae\\repair-simulation\\prae-repair-authority.json",
                                  "exists":  true,
                                  "integrity":  "VALID"
                              },
                              {
                                  "file":  "D:\\BossMind\\bossmind-shared\\prae\\authority\\prae-runtime-validation.json",
                                  "exists":  true,
                                  "integrity":  "VALID"
                              }
                          ],
    "event":  "PRAE_INTEGRITY_MONITOR"
}
{
    "routes":  [
                   {
                       "name":  "resumora-production-health",
                       "url":  "https://www.resumora.net/api/health",
                       "expected_status":  200,
                       "actual_status":  308,
                       "passed":  false
                   },
                   {
                       "name":  "resumora-orchestration-protected",
                       "url":  "https://www.resumora.net/api/orchestration/bossmind-health",
                       "expected_status":  401,
                       "actual_status":  308,
                       "passed":  false
                   }
               ],
    "auto_repair":  "DISABLED",
    "authority":  "PRAE",
    "production_mutation":  "NONE",
    "governance_mode":  "LOCKED",
    "result":  "ALERT",
    "timestamp_utc":  "2026-05-28T16:22:31.2598459Z",
    "event":  "PRAE_RUNTIME_ROUTE_VALIDATION"
}
{
    "auto_repair":  "DISABLED",
    "authority":  "PRAE",
    "production_mutation":  "NONE",
    "governance_mode":  "LOCKED",
    "result":  "SUCCESS",
    "timestamp_utc":  "2026-05-28T16:32:28.6783885Z",
    "integrity_results":  [
                              {
                                  "file":  "D:\\BossMind\\bossmind-shared\\prae\\runtime-ledger\\prae-runtime-ledger.json",
                                  "exists":  true,
                                  "integrity":  "VALID"
                              },
                              {
                                  "file":  "D:\\BossMind\\bossmind-shared\\prae\\checksums\\prae-checksum-registry.json",
                                  "exists":  true,
                                  "integrity":  "VALID"
                              },
                              {
                                  "file":  "D:\\BossMind\\bossmind-shared\\prae\\deployment-validation\\prae-deployment-authority.json",
                                  "exists":  true,
                                  "integrity":  "VALID"
                              },
                              {
                                  "file":  "D:\\BossMind\\bossmind-shared\\prae\\drift-detection\\prae-drift-authority.json",
                                  "exists":  true,
                                  "integrity":  "VALID"
                              },
                              {
                                  "file":  "D:\\BossMind\\bossmind-shared\\prae\\repair-simulation\\prae-repair-authority.json",
                                  "exists":  true,
                                  "integrity":  "VALID"
                              },
                              {
                                  "file":  "D:\\BossMind\\bossmind-shared\\prae\\authority\\prae-runtime-validation.json",
                                  "exists":  true,
                                  "integrity":  "VALID"
                              }
                          ],
    "event":  "PRAE_INTEGRITY_MONITOR"
}
{
    "routes":  [
                   {
                       "name":  "resumora-production-health",
                       "url":  "https://www.resumora.net/api/health",
                       "expected_status":  200,
                       "actual_status":  308,
                       "passed":  false
                   },
                   {
                       "name":  "resumora-orchestration-protected",
                       "url":  "https://www.resumora.net/api/orchestration/bossmind-health",
                       "expected_status":  401,
                       "actual_status":  308,
                       "passed":  false
                   }
               ],
    "auto_repair":  "DISABLED",
    "authority":  "PRAE",
    "production_mutation":  "NONE",
    "governance_mode":  "LOCKED",
    "result":  "ALERT",
    "timestamp_utc":  "2026-05-28T16:37:31.2734287Z",
    "event":  "PRAE_RUNTIME_ROUTE_VALIDATION"
}
{
    "auto_repair":  "DISABLED",
    "authority":  "PRAE",
    "production_mutation":  "NONE",
    "governance_mode":  "LOCKED",
    "result":  "SUCCESS",
    "timestamp_utc":  "2026-05-28T16:47:28.6127107Z",
    "integrity_results":  [
                              {
                                  "file":  "D:\\BossMind\\bossmind-shared\\prae\\runtime-ledger\\prae-runtime-ledger.json",
                                  "exists":  true,
                                  "integrity":  "VALID"
                              },
                              {
                                  "file":  "D:\\BossMind\\bossmind-shared\\prae\\checksums\\prae-checksum-registry.json",
                                  "exists":  true,
                                  "integrity":  "VALID"
                              },
                              {
                                  "file":  "D:\\BossMind\\bossmind-shared\\prae\\deployment-validation\\prae-deployment-authority.json",
                                  "exists":  true,
                                  "integrity":  "VALID"
                              },
                              {
                                  "file":  "D:\\BossMind\\bossmind-shared\\prae\\drift-detection\\prae-drift-authority.json",
                                  "exists":  true,
                                  "integrity":  "VALID"
                              },
                              {
                                  "file":  "D:\\BossMind\\bossmind-shared\\prae\\repair-simulation\\prae-repair-authority.json",
                                  "exists":  true,
                                  "integrity":  "VALID"
                              },
                              {
                                  "file":  "D:\\BossMind\\bossmind-shared\\prae\\authority\\prae-runtime-validation.json",
                                  "exists":  true,
                                  "integrity":  "VALID"
                              }
                          ],
    "event":  "PRAE_INTEGRITY_MONITOR"
}
{
    "routes":  [
                   {
                       "name":  "resumora-production-health",
                       "url":  "https://www.resumora.net/api/health",
                       "expected_status":  200,
                       "actual_status":  308,
                       "passed":  false
                   },
                   {
                       "name":  "resumora-orchestration-protected",
                       "url":  "https://www.resumora.net/api/orchestration/bossmind-health",
                       "expected_status":  401,
                       "actual_status":  308,
                       "passed":  false
                   }
               ],
    "auto_repair":  "DISABLED",
    "authority":  "PRAE",
    "production_mutation":  "NONE",
    "governance_mode":  "LOCKED",
    "result":  "ALERT",
    "timestamp_utc":  "2026-05-28T16:52:31.2386304Z",
    "event":  "PRAE_RUNTIME_ROUTE_VALIDATION"
}
{
    "auto_repair":  "DISABLED",
    "authority":  "PRAE",
    "production_mutation":  "NONE",
    "governance_mode":  "LOCKED",
    "result":  "SUCCESS",
    "timestamp_utc":  "2026-05-28T17:02:28.5721714Z",
    "integrity_results":  [
                              {
                                  "file":  "D:\\BossMind\\bossmind-shared\\prae\\runtime-ledger\\prae-runtime-ledger.json",
                                  "exists":  true,
                                  "integrity":  "VALID"
                              },
                              {
                                  "file":  "D:\\BossMind\\bossmind-shared\\prae\\checksums\\prae-checksum-registry.json",
                                  "exists":  true,
                                  "integrity":  "VALID"
                              },
                              {
                                  "file":  "D:\\BossMind\\bossmind-shared\\prae\\deployment-validation\\prae-deployment-authority.json",
                                  "exists":  true,
                                  "integrity":  "VALID"
                              },
                              {
                                  "file":  "D:\\BossMind\\bossmind-shared\\prae\\drift-detection\\prae-drift-authority.json",
                                  "exists":  true,
                                  "integrity":  "VALID"
                              },
                              {
                                  "file":  "D:\\BossMind\\bossmind-shared\\prae\\repair-simulation\\prae-repair-authority.json",
                                  "exists":  true,
                                  "integrity":  "VALID"
                              },
                              {
                                  "file":  "D:\\BossMind\\bossmind-shared\\prae\\authority\\prae-runtime-validation.json",
                                  "exists":  true,
                                  "integrity":  "VALID"
                              }
                          ],
    "event":  "PRAE_INTEGRITY_MONITOR"
}
{
    "routes":  [
                   {
                       "name":  "resumora-production-health",
                       "url":  "https://www.resumora.net/api/health",
                       "expected_status":  200,
                       "actual_status":  308,
                       "passed":  false
                   },
                   {
                       "name":  "resumora-orchestration-protected",
                       "url":  "https://www.resumora.net/api/orchestration/bossmind-health",
                       "expected_status":  401,
                       "actual_status":  308,
                       "passed":  false
                   }
               ],
    "auto_repair":  "DISABLED",
    "authority":  "PRAE",
    "production_mutation":  "NONE",
    "governance_mode":  "LOCKED",
    "result":  "ALERT",
    "timestamp_utc":  "2026-05-28T17:07:31.1758799Z",
    "event":  "PRAE_RUNTIME_ROUTE_VALIDATION"
}
{
    "auto_repair":  "DISABLED",
    "authority":  "PRAE",
    "production_mutation":  "NONE",
    "governance_mode":  "LOCKED",
    "result":  "SUCCESS",
    "timestamp_utc":  "2026-05-28T17:17:28.8626271Z",
    "integrity_results":  [
                              {
                                  "file":  "D:\\BossMind\\bossmind-shared\\prae\\runtime-ledger\\prae-runtime-ledger.json",
                                  "exists":  true,
                                  "integrity":  "VALID"
                              },
                              {
                                  "file":  "D:\\BossMind\\bossmind-shared\\prae\\checksums\\prae-checksum-registry.json",
                                  "exists":  true,
                                  "integrity":  "VALID"
                              },
                              {
                                  "file":  "D:\\BossMind\\bossmind-shared\\prae\\deployment-validation\\prae-deployment-authority.json",
                                  "exists":  true,
                                  "integrity":  "VALID"
                              },
                              {
                                  "file":  "D:\\BossMind\\bossmind-shared\\prae\\drift-detection\\prae-drift-authority.json",
                                  "exists":  true,
                                  "integrity":  "VALID"
                              },
                              {
                                  "file":  "D:\\BossMind\\bossmind-shared\\prae\\repair-simulation\\prae-repair-authority.json",
                                  "exists":  true,
                                  "integrity":  "VALID"
                              },
                              {
                                  "file":  "D:\\BossMind\\bossmind-shared\\prae\\authority\\prae-runtime-validation.json",
                                  "exists":  true,
                                  "integrity":  "VALID"
                              }
                          ],
    "event":  "PRAE_INTEGRITY_MONITOR"
}
{
    "routes":  [
                   {
                       "name":  "resumora-production-health",
                       "url":  "https://www.resumora.net/api/health",
                       "expected_status":  200,
                       "actual_status":  308,
                       "passed":  false
                   },
                   {
                       "name":  "resumora-orchestration-protected",
                       "url":  "https://www.resumora.net/api/orchestration/bossmind-health",
                       "expected_status":  401,
                       "actual_status":  308,
                       "passed":  false
                   }
               ],
    "auto_repair":  "DISABLED",
    "authority":  "PRAE",
    "production_mutation":  "NONE",
    "governance_mode":  "LOCKED",
    "result":  "ALERT",
    "timestamp_utc":  "2026-05-28T17:22:31.2957480Z",
    "event":  "PRAE_RUNTIME_ROUTE_VALIDATION"
}
{
    "auto_repair":  "DISABLED",
    "authority":  "PRAE",
    "production_mutation":  "NONE",
    "governance_mode":  "LOCKED",
    "result":  "SUCCESS",
    "timestamp_utc":  "2026-05-28T17:32:28.6034897Z",
    "integrity_results":  [
                              {
                                  "file":  "D:\\BossMind\\bossmind-shared\\prae\\runtime-ledger\\prae-runtime-ledger.json",
                                  "exists":  true,
                                  "integrity":  "VALID"
                              },
                              {
                                  "file":  "D:\\BossMind\\bossmind-shared\\prae\\checksums\\prae-checksum-registry.json",
                                  "exists":  true,
                                  "integrity":  "VALID"
                              },
                              {
                                  "file":  "D:\\BossMind\\bossmind-shared\\prae\\deployment-validation\\prae-deployment-authority.json",
                                  "exists":  true,
                                  "integrity":  "VALID"
                              },
                              {
                                  "file":  "D:\\BossMind\\bossmind-shared\\prae\\drift-detection\\prae-drift-authority.json",
                                  "exists":  true,
                                  "integrity":  "VALID"
                              },
                              {
                                  "file":  "D:\\BossMind\\bossmind-shared\\prae\\repair-simulation\\prae-repair-authority.json",
                                  "exists":  true,
                                  "integrity":  "VALID"
                              },
                              {
                                  "file":  "D:\\BossMind\\bossmind-shared\\prae\\authority\\prae-runtime-validation.json",
                                  "exists":  true,
                                  "integrity":  "VALID"
                              }
                          ],
    "event":  "PRAE_INTEGRITY_MONITOR"
}
{
    "routes":  [
                   {
                       "name":  "resumora-production-health",
                       "url":  "https://www.resumora.net/api/health",
                       "expected_status":  200,
                       "actual_status":  308,
                       "passed":  false
                   },
                   {
                       "name":  "resumora-orchestration-protected",
                       "url":  "https://www.resumora.net/api/orchestration/bossmind-health",
                       "expected_status":  401,
                       "actual_status":  308,
                       "passed":  false
                   }
               ],
    "auto_repair":  "DISABLED",
    "authority":  "PRAE",
    "production_mutation":  "NONE",
    "governance_mode":  "LOCKED",
    "result":  "ALERT",
    "timestamp_utc":  "2026-05-28T17:37:31.1415967Z",
    "event":  "PRAE_RUNTIME_ROUTE_VALIDATION"
}
{
    "auto_repair":  "DISABLED",
    "authority":  "PRAE",
    "production_mutation":  "NONE",
    "governance_mode":  "LOCKED",
    "result":  "SUCCESS",
    "timestamp_utc":  "2026-05-28T17:47:28.8601269Z",
    "integrity_results":  [
                              {
                                  "file":  "D:\\BossMind\\bossmind-shared\\prae\\runtime-ledger\\prae-runtime-ledger.json",
                                  "exists":  true,
                                  "integrity":  "VALID"
                              },
                              {
                                  "file":  "D:\\BossMind\\bossmind-shared\\prae\\checksums\\prae-checksum-registry.json",
                                  "exists":  true,
                                  "integrity":  "VALID"
                              },
                              {
                                  "file":  "D:\\BossMind\\bossmind-shared\\prae\\deployment-validation\\prae-deployment-authority.json",
                                  "exists":  true,
                                  "integrity":  "VALID"
                              },
                              {
                                  "file":  "D:\\BossMind\\bossmind-shared\\prae\\drift-detection\\prae-drift-authority.json",
                                  "exists":  true,
                                  "integrity":  "VALID"
                              },
                              {
                                  "file":  "D:\\BossMind\\bossmind-shared\\prae\\repair-simulation\\prae-repair-authority.json",
                                  "exists":  true,
                                  "integrity":  "VALID"
                              },
                              {
                                  "file":  "D:\\BossMind\\bossmind-shared\\prae\\authority\\prae-runtime-validation.json",
                                  "exists":  true,
                                  "integrity":  "VALID"
                              }
                          ],
    "event":  "PRAE_INTEGRITY_MONITOR"
}
{
    "routes":  [
                   {
                       "name":  "resumora-production-health",
                       "url":  "https://www.resumora.net/api/health",
                       "expected_status":  200,
                       "actual_status":  308,
                       "passed":  false
                   },
                   {
                       "name":  "resumora-orchestration-protected",
                       "url":  "https://www.resumora.net/api/orchestration/bossmind-health",
                       "expected_status":  401,
                       "actual_status":  308,
                       "passed":  false
                   }
               ],
    "auto_repair":  "DISABLED",
    "authority":  "PRAE",
    "production_mutation":  "NONE",
    "governance_mode":  "LOCKED",
    "result":  "ALERT",
    "timestamp_utc":  "2026-05-28T17:52:31.1805209Z",
    "event":  "PRAE_RUNTIME_ROUTE_VALIDATION"
}
{
    "auto_repair":  "DISABLED",
    "authority":  "PRAE",
    "production_mutation":  "NONE",
    "governance_mode":  "LOCKED",
    "result":  "SUCCESS",
    "timestamp_utc":  "2026-05-28T18:02:28.7667907Z",
    "integrity_results":  [
                              {
                                  "file":  "D:\\BossMind\\bossmind-shared\\prae\\runtime-ledger\\prae-runtime-ledger.json",
                                  "exists":  true,
                                  "integrity":  "VALID"
                              },
                              {
                                  "file":  "D:\\BossMind\\bossmind-shared\\prae\\checksums\\prae-checksum-registry.json",
                                  "exists":  true,
                                  "integrity":  "VALID"
                              },
                              {
                                  "file":  "D:\\BossMind\\bossmind-shared\\prae\\deployment-validation\\prae-deployment-authority.json",
                                  "exists":  true,
                                  "integrity":  "VALID"
                              },
                              {
                                  "file":  "D:\\BossMind\\bossmind-shared\\prae\\drift-detection\\prae-drift-authority.json",
                                  "exists":  true,
                                  "integrity":  "VALID"
                              },
                              {
                                  "file":  "D:\\BossMind\\bossmind-shared\\prae\\repair-simulation\\prae-repair-authority.json",
                                  "exists":  true,
                                  "integrity":  "VALID"
                              },
                              {
                                  "file":  "D:\\BossMind\\bossmind-shared\\prae\\authority\\prae-runtime-validation.json",
                                  "exists":  true,
                                  "integrity":  "VALID"
                              }
                          ],
    "event":  "PRAE_INTEGRITY_MONITOR"
}
{
    "routes":  [
                   {
                       "name":  "resumora-production-health",
                       "url":  "https://www.resumora.net/api/health",
                       "expected_status":  200,
                       "actual_status":  308,
                       "passed":  false
                   },
                   {
                       "name":  "resumora-orchestration-protected",
                       "url":  "https://www.resumora.net/api/orchestration/bossmind-health",
                       "expected_status":  401,
                       "actual_status":  308,
                       "passed":  false
                   }
               ],
    "auto_repair":  "DISABLED",
    "authority":  "PRAE",
    "production_mutation":  "NONE",
    "governance_mode":  "LOCKED",
    "result":  "ALERT",
    "timestamp_utc":  "2026-05-28T18:07:31.2095556Z",
    "event":  "PRAE_RUNTIME_ROUTE_VALIDATION"
}
{
    "auto_repair":  "DISABLED",
    "authority":  "PRAE",
    "production_mutation":  "NONE",
    "governance_mode":  "LOCKED",
    "result":  "SUCCESS",
    "timestamp_utc":  "2026-05-28T18:17:28.9980364Z",
    "integrity_results":  [
                              {
                                  "file":  "D:\\BossMind\\bossmind-shared\\prae\\runtime-ledger\\prae-runtime-ledger.json",
                                  "exists":  true,
                                  "integrity":  "VALID"
                              },
                              {
                                  "file":  "D:\\BossMind\\bossmind-shared\\prae\\checksums\\prae-checksum-registry.json",
                                  "exists":  true,
                                  "integrity":  "VALID"
                              },
                              {
                                  "file":  "D:\\BossMind\\bossmind-shared\\prae\\deployment-validation\\prae-deployment-authority.json",
                                  "exists":  true,
                                  "integrity":  "VALID"
                              },
                              {
                                  "file":  "D:\\BossMind\\bossmind-shared\\prae\\drift-detection\\prae-drift-authority.json",
                                  "exists":  true,
                                  "integrity":  "VALID"
                              },
                              {
                                  "file":  "D:\\BossMind\\bossmind-shared\\prae\\repair-simulation\\prae-repair-authority.json",
                                  "exists":  true,
                                  "integrity":  "VALID"
                              },
                              {
                                  "file":  "D:\\BossMind\\bossmind-shared\\prae\\authority\\prae-runtime-validation.json",
                                  "exists":  true,
                                  "integrity":  "VALID"
                              }
                          ],
    "event":  "PRAE_INTEGRITY_MONITOR"
}
{
    "routes":  [
                   {
                       "name":  "resumora-production-health",
                       "url":  "https://www.resumora.net/api/health",
                       "expected_status":  200,
                       "actual_status":  308,
                       "passed":  false
                   },
                   {
                       "name":  "resumora-orchestration-protected",
                       "url":  "https://www.resumora.net/api/orchestration/bossmind-health",
                       "expected_status":  401,
                       "actual_status":  308,
                       "passed":  false
                   }
               ],
    "auto_repair":  "DISABLED",
    "authority":  "PRAE",
    "production_mutation":  "NONE",
    "governance_mode":  "LOCKED",
    "result":  "ALERT",
    "timestamp_utc":  "2026-05-28T18:22:31.3816372Z",
    "event":  "PRAE_RUNTIME_ROUTE_VALIDATION"
}
{
    "auto_repair":  "DISABLED",
    "authority":  "PRAE",
    "production_mutation":  "NONE",
    "governance_mode":  "LOCKED",
    "result":  "SUCCESS",
    "timestamp_utc":  "2026-05-28T18:32:28.7198040Z",
    "integrity_results":  [
                              {
                                  "file":  "D:\\BossMind\\bossmind-shared\\prae\\runtime-ledger\\prae-runtime-ledger.json",
                                  "exists":  true,
                                  "integrity":  "VALID"
                              },
                              {
                                  "file":  "D:\\BossMind\\bossmind-shared\\prae\\checksums\\prae-checksum-registry.json",
                                  "exists":  true,
                                  "integrity":  "VALID"
                              },
                              {
                                  "file":  "D:\\BossMind\\bossmind-shared\\prae\\deployment-validation\\prae-deployment-authority.json",
                                  "exists":  true,
                                  "integrity":  "VALID"
                              },
                              {
                                  "file":  "D:\\BossMind\\bossmind-shared\\prae\\drift-detection\\prae-drift-authority.json",
                                  "exists":  true,
                                  "integrity":  "VALID"
                              },
                              {
                                  "file":  "D:\\BossMind\\bossmind-shared\\prae\\repair-simulation\\prae-repair-authority.json",
                                  "exists":  true,
                                  "integrity":  "VALID"
                              },
                              {
                                  "file":  "D:\\BossMind\\bossmind-shared\\prae\\authority\\prae-runtime-validation.json",
                                  "exists":  true,
                                  "integrity":  "VALID"
                              }
                          ],
    "event":  "PRAE_INTEGRITY_MONITOR"
}
{
    "routes":  [
                   {
                       "name":  "resumora-production-health",
                       "url":  "https://www.resumora.net/api/health",
                       "expected_status":  200,
                       "actual_status":  308,
                       "passed":  false
                   },
                   {
                       "name":  "resumora-orchestration-protected",
                       "url":  "https://www.resumora.net/api/orchestration/bossmind-health",
                       "expected_status":  401,
                       "actual_status":  308,
                       "passed":  false
                   }
               ],
    "auto_repair":  "DISABLED",
    "authority":  "PRAE",
    "production_mutation":  "NONE",
    "governance_mode":  "LOCKED",
    "result":  "ALERT",
    "timestamp_utc":  "2026-05-28T18:37:31.2838287Z",
    "event":  "PRAE_RUNTIME_ROUTE_VALIDATION"
}
{
    "auto_repair":  "DISABLED",
    "authority":  "PRAE",
    "production_mutation":  "NONE",
    "governance_mode":  "LOCKED",
    "result":  "SUCCESS",
    "timestamp_utc":  "2026-05-28T18:47:28.6272259Z",
    "integrity_results":  [
                              {
                                  "file":  "D:\\BossMind\\bossmind-shared\\prae\\runtime-ledger\\prae-runtime-ledger.json",
                                  "exists":  true,
                                  "integrity":  "VALID"
                              },
                              {
                                  "file":  "D:\\BossMind\\bossmind-shared\\prae\\checksums\\prae-checksum-registry.json",
                                  "exists":  true,
                                  "integrity":  "VALID"
                              },
                              {
                                  "file":  "D:\\BossMind\\bossmind-shared\\prae\\deployment-validation\\prae-deployment-authority.json",
                                  "exists":  true,
                                  "integrity":  "VALID"
                              },
                              {
                                  "file":  "D:\\BossMind\\bossmind-shared\\prae\\drift-detection\\prae-drift-authority.json",
                                  "exists":  true,
                                  "integrity":  "VALID"
                              },
                              {
                                  "file":  "D:\\BossMind\\bossmind-shared\\prae\\repair-simulation\\prae-repair-authority.json",
                                  "exists":  true,
                                  "integrity":  "VALID"
                              },
                              {
                                  "file":  "D:\\BossMind\\bossmind-shared\\prae\\authority\\prae-runtime-validation.json",
                                  "exists":  true,
                                  "integrity":  "VALID"
                              }
                          ],
    "event":  "PRAE_INTEGRITY_MONITOR"
}
{
    "routes":  [
                   {
                       "name":  "resumora-production-health",
                       "url":  "https://www.resumora.net/api/health",
                       "expected_status":  200,
                       "actual_status":  308,
                       "passed":  false
                   },
                   {
                       "name":  "resumora-orchestration-protected",
                       "url":  "https://www.resumora.net/api/orchestration/bossmind-health",
                       "expected_status":  401,
                       "actual_status":  308,
                       "passed":  false
                   }
               ],
    "auto_repair":  "DISABLED",
    "authority":  "PRAE",
    "production_mutation":  "NONE",
    "governance_mode":  "LOCKED",
    "result":  "ALERT",
    "timestamp_utc":  "2026-05-28T18:52:31.3798584Z",
    "event":  "PRAE_RUNTIME_ROUTE_VALIDATION"
}
{
    "auto_repair":  "DISABLED",
    "authority":  "PRAE",
    "production_mutation":  "NONE",
    "governance_mode":  "LOCKED",
    "result":  "SUCCESS",
    "timestamp_utc":  "2026-05-28T19:02:28.6678361Z",
    "integrity_results":  [
                              {
                                  "file":  "D:\\BossMind\\bossmind-shared\\prae\\runtime-ledger\\prae-runtime-ledger.json",
                                  "exists":  true,
                                  "integrity":  "VALID"
                              },
                              {
                                  "file":  "D:\\BossMind\\bossmind-shared\\prae\\checksums\\prae-checksum-registry.json",
                                  "exists":  true,
                                  "integrity":  "VALID"
                              },
                              {
                                  "file":  "D:\\BossMind\\bossmind-shared\\prae\\deployment-validation\\prae-deployment-authority.json",
                                  "exists":  true,
                                  "integrity":  "VALID"
                              },
                              {
                                  "file":  "D:\\BossMind\\bossmind-shared\\prae\\drift-detection\\prae-drift-authority.json",
                                  "exists":  true,
                                  "integrity":  "VALID"
                              },
                              {
                                  "file":  "D:\\BossMind\\bossmind-shared\\prae\\repair-simulation\\prae-repair-authority.json",
                                  "exists":  true,
                                  "integrity":  "VALID"
                              },
                              {
                                  "file":  "D:\\BossMind\\bossmind-shared\\prae\\authority\\prae-runtime-validation.json",
                                  "exists":  true,
                                  "integrity":  "VALID"
                              }
                          ],
    "event":  "PRAE_INTEGRITY_MONITOR"
}
{
    "routes":  [
                   {
                       "name":  "resumora-production-health",
                       "url":  "https://www.resumora.net/api/health",
                       "expected_status":  200,
                       "actual_status":  308,
                       "passed":  false
                   },
                   {
                       "name":  "resumora-orchestration-protected",
                       "url":  "https://www.resumora.net/api/orchestration/bossmind-health",
                       "expected_status":  401,
                       "actual_status":  308,
                       "passed":  false
                   }
               ],
    "auto_repair":  "DISABLED",
    "authority":  "PRAE",
    "production_mutation":  "NONE",
    "governance_mode":  "LOCKED",
    "result":  "ALERT",
    "timestamp_utc":  "2026-05-28T19:07:31.2125384Z",
    "event":  "PRAE_RUNTIME_ROUTE_VALIDATION"
}
{
    "auto_repair":  "DISABLED",
    "authority":  "PRAE",
    "production_mutation":  "NONE",
    "governance_mode":  "LOCKED",
    "result":  "SUCCESS",
    "timestamp_utc":  "2026-05-28T19:17:28.6114038Z",
    "integrity_results":  [
                              {
                                  "file":  "D:\\BossMind\\bossmind-shared\\prae\\runtime-ledger\\prae-runtime-ledger.json",
                                  "exists":  true,
                                  "integrity":  "VALID"
                              },
                              {
                                  "file":  "D:\\BossMind\\bossmind-shared\\prae\\checksums\\prae-checksum-registry.json",
                                  "exists":  true,
                                  "integrity":  "VALID"
                              },
                              {
                                  "file":  "D:\\BossMind\\bossmind-shared\\prae\\deployment-validation\\prae-deployment-authority.json",
                                  "exists":  true,
                                  "integrity":  "VALID"
                              },
                              {
                                  "file":  "D:\\BossMind\\bossmind-shared\\prae\\drift-detection\\prae-drift-authority.json",
                                  "exists":  true,
                                  "integrity":  "VALID"
                              },
                              {
                                  "file":  "D:\\BossMind\\bossmind-shared\\prae\\repair-simulation\\prae-repair-authority.json",
                                  "exists":  true,
                                  "integrity":  "VALID"
                              },
                              {
                                  "file":  "D:\\BossMind\\bossmind-shared\\prae\\authority\\prae-runtime-validation.json",
                                  "exists":  true,
                                  "integrity":  "VALID"
                              }
                          ],
    "event":  "PRAE_INTEGRITY_MONITOR"
}
